model/parameters,eval/mean_reward,eval/success_rate,time/total_timesteps,eval/mean_ep_length,model/extractor_type,rollout/success_rate,time/iterations,eval/seq_prediction_mse,time/time_elapsed,rollout/ep_rew_mean,eval/best_seq_prediction_mse,rollout/ep_len_mean,time/fps,train/std,train/entropy_loss,train/explained_variance,train/learning_rate,train/policy_gradient_loss,train/n_updates,train/approx_kl,train/loss,train/clip_fraction,train/value_loss,train/clip_range,train/clip_range_vf
5865051,-217.69033813476562,0.0,20000,147.7,"TransformerFeaturesExtractor",,,,,,,,,,,,,,,,,,,,
,,,32768,,,0.01,1,1.1956385791301727,46,-223.82972717285156,1.1956385791301727,179.68,708,,,,,,,,,,,,
,-198.29257202148438,0.1,40000,139.3,,,,,,,,,,0.740818202495575,-4.256815433502197,0.1438504457473755,9.9377408e-05,0.17420896794646978,4,0.907889,0.4777849316596985,0.8690643310546875,0.9133945293724537,0.19934464000000002,0.2
,-213.74374389648438,0.0,60000,149.7,,,,0.9701980948448181,,,0.9701980948448181,,,,,,,,,,,,,,
,,,65536,,,0.03,2,1.1143458843231202,120,-232.2814483642578,,208.37,544,,,,,,,,,,,,
,-229.3998260498047,0.0,80000,267.0,,,,,,,,,,0.740818202495575,-4.256815433502197,0.4449186325073242,9.8754816e-05,0.1754024508409202,8,0.47576106,0.17012439668178558,0.802337646484375,0.12265669903717935,0.19868928000000002,0.2
,,,98304,,,0.02,3,1.0074268758296967,180,-234.15953063964844,,300.12,543,,,,,,,,,,,,
,-211.42276000976562,0.0,100000,215.0,,,,,,,,,,0.740818202495575,-4.256815433502197,0.20629435777664185,9.8132224e-05,0.06999289244413376,12,0.11213049,0.07508105784654617,0.6284561157226562,0.12568878568708897,0.19803392,0.2
,-215.3485107421875,0.0,120000,251.3,,,,0.9639626264572143,,,0.9639626264572143,,,,,,,,,,,,,,
,,,131072,,,0.02,4,0.9701070129871369,274,-235.6697235107422,,313.51,477,,,,,,,,,,,,
,-196.36575317382812,0.0,140000,124.1,,,,,,,,,,0.740818202495575,-4.256815433502197,0.07809776067733765,9.750963200000001e-05,0.02554967359174043,16,0.029925574,0.039148785173892975,0.41547393798828125,0.13067200989462435,0.19737856,0.2
,-194.20269775390625,0.0,160000,194.1,,,,0.9236895263195037,,,0.9236895263195037,,,,,,,,,,,,,,
,,,163840,,,0.01,5,0.8746099352836609,357,-239.16952514648438,0.8746099352836609,337.2,457,,,,,,,,,,,,
,-191.67662048339844,0.0,180000,151.3,,,,,,,,,,0.740818202495575,-4.256815433502197,0.1282990574836731,9.688704e-05,0.012444669308024459,20,0.0148083065,0.0242757685482502,0.2802734375,0.12635226594284177,0.19672320000000001,0.2
,,,196608,,,0.02,6,0.949845951795578,412,-241.26730346679688,,345.57,476,,,,,,,,,,,,
,-218.1153564453125,0.0,200000,326.1,,,,,,,,,,0.740818202495575,-4.256815433502197,0.19096684455871582,9.626444800000001e-05,0.007895550268585794,24,0.011444443,0.02008896693587303,0.2162017822265625,0.11577498423866928,0.19606784000000002,0.2
,-206.97756958007812,0.0,220000,169.2,,,,1.003824108839035,,,,,,,,,,,,,,,,,
,,,229376,,,0.01,7,0.9925132989883423,505,-236.34422302246094,,343.01,453,,,,,,,,,,,,
,-213.49118041992188,0.0,240000,183.2,,,,,,,,,,0.740818202495575,-4.256815433502197,0.2567303776741028,9.564185600000001e-05,0.005641003474011086,28,0.008874967,0.013921361416578293,0.18154144287109375,0.106652318732813,0.19541248,0.2
,-185.1625213623047,0.1,260000,182.2,,,,0.9829252362251282,,,,,,,,,,,,,,,,,
,,,262144,,,0.0,8,0.9876143097877502,587,-236.38792419433594,,327.19,445,,,,,,,,,,,,
,-205.177978515625,0.0,280000,220.2,,,,,,,,,,0.740818202495575,-4.256815433502197,0.3464035391807556,9.501926400000001e-05,0.004015402548247948,32,0.008009862,0.002925913780927658,0.148040771484375,0.08734593796543777,0.19475712,0.2
,,,294912,,,0.01,9,1.1693911671638488,648,-241.48033142089844,,333.72,454,,,,,,,,,,,,
,-204.20785522460938,0.0,300000,325.3,,,,,,,,,,0.740818202495575,-4.256815433502197,0.30704933404922485,9.439667200000001e-05,0.0036162649412290193,36,0.008979526,0.006922341883182526,0.14276123046875,0.08871998218819499,0.19410176,0.2
,-210.8624267578125,0.0,320000,256.5,,,,1.0085617899894714,,,,,,,,,,,,,,,,,
,,,327680,,,0.04,10,1.0507294833660126,747,-237.7987060546875,,311.41,438,,,,,,,,,,,,
,-210.5776824951172,0.0,340000,293.0,,,,,,,,,,0.740818202495575,-4.256815433502197,0.29399728775024414,9.377408e-05,0.00436260798596777,40,0.007181403,-0.0038212016224861145,0.1576385498046875,0.08025525300763547,0.19344640000000002,0.2
,-211.31240844726562,0.0,360000,223.4,,,,0.9827914714813233,,,,,,,,,,,,,,,,,
,,,360448,,,0.05,11,1.1411582410335541,838,-229.67767333984375,,331.02,429,,,,,,,,,,,,
,-205.0499725341797,0.0,380000,221.9,,,,,,,,,,0.740818202495575,-4.256815433502197,0.24726742506027222,9.3151488e-05,0.0034848610885092057,44,0.0064056115,0.00785251334309578,0.1261749267578125,0.08408652362413704,0.19279104000000002,0.2
,,,393216,,,0.0,12,1.0117535412311554,896,-243.83502197265625,,346.1,438,,,,,,,,,,,,
,-200.21998596191406,0.1,400000,255.7,,,,,,,,,,0.740818202495575,-4.256815433502197,0.3267230987548828,9.2528896e-05,0.00167624059758964,48,0.0048523024,-0.006701324135065079,0.09334564208984375,0.06644861737731844,0.19213568,0.2
,-224.4486083984375,0.0,420000,364.9,,,,1.0646799981594086,,,,,,,,,,,,,,,,,
,,,425984,,,0.03,13,1.009046310186386,998,-226.7126007080078,,320.09,426,,,,,,,,,,,,
,-218.49014282226562,0.0,440000,280.6,,,,,,,,,,0.740818202495575,-4.256815433502197,0.3037179112434387,9.1906304e-05,0.0011398082751838956,52,0.0060803704,-0.010918762534856796,0.09221649169921875,0.0698871825588867,0.19148032,0.2
,,,458752,,,0.01,14,0.9742701053619385,1065,-239.24337768554688,,355.67,430,,,,,,,,,,,,
,-205.93722534179688,0.0,460000,228.2,,,,,,,,,,0.740818202495575,-4.256815433502197,0.24254941940307617,9.1283712e-05,0.0014607746234105434,56,0.004732989,-0.010525286197662354,0.08090972900390625,0.07363413320854306,0.19082496000000002,0.2
,-194.55868530273438,0.0,480000,262.3,,,,1.04427872300148,,,,,,,,,,,,,,,,,
,,,491520,,,0.02,15,0.9387770295143127,1154,-231.7603302001953,,353.45,425,,,,,,,,,,,,
,-228.03781127929688,0.0,500000,330.6,,,,,,,,,,0.740818202495575,-4.256815433502197,0.3365514278411865,9.066112000000001e-05,0.0011426451419538353,60,0.005584617,-0.012530162930488586,0.0749053955078125,0.06419734039809555,0.19016960000000002,0.2
,-182.4191436767578,0.1,520000,155.2,,,,0.9181512117385864,,,,,,,,,,,,,,,,,
,,,524288,,,0.0,16,0.9389904022216797,1253,-236.4634246826172,,367.0,418,,,,,,,,,,,,
,-233.97653198242188,0.0,540000,330.3,,,,,,,,,,0.740818202495575,-4.256815433502197,0.3296625018119812,9.0038528e-05,0.0004227835306664929,64,0.0042955116,-0.01090661808848381,0.06108856201171875,0.06119626329746097,0.18951424,0.2
,,,557056,,,0.03,17,0.9163373827934265,1323,-229.3433380126953,,349.32,421,,,,,,,,,,,,
,-219.8707733154297,0.0,560000,293.5,,,,,,,,,,0.740818202495575,-4.256815433502197,0.2341575026512146,8.9415936e-05,0.0009435084248252679,68,0.0040348014,-0.0027713142335414886,0.06142425537109375,0.06753011594992131,0.18885888,0.2
,-224.7553253173828,0.0,580000,228.3,,,,1.0439990222454072,,,,,,,,,,,,,,,,,
,,,589824,,,0.02,18,0.9524538278579712,1419,-233.4478759765625,,352.17,415,,,,,,,,,,,,
,-206.9699249267578,0.0,600000,226.6,,,,,,,,,,0.740818202495575,-4.256815433502197,0.26080572605133057,8.879334400000001e-05,0.001234329720318783,72,0.004150369,-0.012553011998534203,0.058135986328125,0.05408811359666288,0.18820352,0.2
,-222.6156005859375,0.0,620000,223.7,,,,1.0872410476207732,,,,,,,,,,,,,,,,,
,,,622592,,,0.03,19,1.0410625636577606,1506,-227.8036651611328,,334.69,413,,,,,,,,,,,,
,-217.78030395507812,0.0,640000,227.9,,,,,,,,,,0.740818202495575,-4.256815433502197,0.2940252423286438,8.8170752e-05,0.0005667633740813471,76,0.004149311,-0.014884158968925476,0.06143951416015625,0.05369066505227238,0.18754816000000002,0.2
,,,655360,,,0.02,20,0.9595156490802765,1569,-237.09124755859375,,354.2,417,,,,,,,,,,,,
,-213.9287109375,0.0,660000,262.3,,,,,,,,,,0.740818202495575,-4.256815433502197,0.34469789266586304,8.754816000000001e-05,0.000863799883518368,80,0.0042504515,-0.01622048020362854,0.05327606201171875,0.046634364291094244,0.18689280000000003,0.2
,-228.2399139404297,0.0,680000,246.7,,,,1.0358405709266663,,,,,,,,,,,,,,,,,
,,,688128,,,0.02,21,0.8633989989757538,1667,-234.37379455566406,0.8633989989757538,352.07,412,,,,,,,,,,,,
,-211.7950897216797,0.0,700000,246.3,,,,,,,,,,0.740818202495575,-4.256815433502197,0.40323615074157715,8.6925568e-05,0.0008509607359883375,84,0.0038262494,-0.019467834383249283,0.054290771484375,0.04448200133629143,0.18623744,0.2
,-203.89443969726562,0.0,720000,262.3,,,,0.9559607386589051,,,,,,,,,,,,,,,,,
,,,720896,,,0.03,22,1.0051384449005127,1764,-228.86961364746094,,364.16,408,,,,,,,,,,,,
,-221.080078125,0.0,740000,224.9,,,,,,,,,,0.740818202495575,-4.256815433502197,0.4280893802642822,8.6302976e-05,0.0013932461733929813,88,0.0049482803,-0.022709187120199203,0.068817138671875,0.04082271223887801,0.18558208,0.2
,,,753664,,,0.01,23,1.0997544407844544,1822,-235.3304443359375,,351.39,413,,,,,,,,,,,,
,-215.14382934570312,0.0,760000,212.2,,,,,,,,,,0.740818202495575,-4.256815433502197,0.4460468888282776,8.5680384e-05,0.00044306631752988324,92,0.0038833371,-0.02217279188334942,0.04586029052734375,0.03811120451427996,0.18492672000000002,0.2
,-221.0412139892578,0.0,780000,262.3,,,,1.04274160861969,,,,,,,,,,,,,,,,,
,,,786432,,,0.0,24,1.0234608054161072,1910,-243.3925018310547,,373.14,411,,,,,,,,,,,,
,-213.5443115234375,0.0,800000,244.9,,,,,,,,,,0.740818202495575,-4.256815433502197,0.43617135286331177,8.5057792e-05,0.0002878517407225445,96,0.004217834,-0.02801254764199257,0.05318450927734375,0.03134308784501627,0.18427136,0.2
,,,819200,,,0.0,25,1.1036381423473358,1971,-240.8939666748047,,367.43,415,,,,,,,,,,,,
,-197.14706420898438,0.0,820000,118.6,,,,,,,,,,0.740818202495575,-4.256815433502197,0.48310232162475586,8.44352e-05,0.0002689627799554728,100,0.0033234707,-0.03157429397106171,0.0521087646484375,0.029604007955640554,0.183616,0.2
,-200.49417114257812,0.0,840000,188.3,,,,1.1256395697593689,,,,,,,,,,,,,,,,,
,,,851968,,,0.01,26,0.9985851645469666,2048,-240.70346069335938,,354.65,415,,,,,,,,,,,,
,-215.04306030273438,0.0,860000,328.3,,,,,,,,,,0.740818202495575,-4.256815433502197,0.5106873214244843,8.3812608e-05,0.00032521094908588566,104,0.0029650694,-0.026169853284955025,0.03827667236328125,0.028530480747576803,0.18296064,0.2
,-190.36380004882812,0.1,880000,183.1,,,,1.1751163482666016,,,,,,,,,,,,,,,,,
,,,884736,,,0.02,27,1.1776066720485687,2133,-243.8787841796875,,355.78,414,,,,,,,,,,,,
,-195.13290405273438,0.1,900000,220.7,,,,,,,,,,0.740818202495575,-4.256815433502197,0.4503641724586487,8.319001600000001e-05,0.00022593016910832375,108,0.0031080763,-0.0276127178221941,0.0454559326171875,0.02971291053108871,0.18230528000000001,0.2
,,,917504,,,0.01,28,1.069125658273697,2193,-236.4738311767578,,351.23,418,,,,,,,,,,,,
,-218.95022583007812,0.0,920000,205.7,,,,,,,,,,0.740818202495575,-4.256815433502197,0.4364194869995117,8.2567424e-05,0.00033740421349648386,112,0.003701618,-0.02593350037932396,0.0406341552734375,0.032668348285369575,0.18164992000000002,0.2
,-170.3558349609375,0.1,940000,113.6,,,,1.1098026156425476,,,,,,,,,,,,,,,,,
,,,950272,,,0.02,29,0.9696033477783204,2273,-237.4722137451172,,347.33,417,,,,,,,,,,,,
,-200.41209411621094,0.0,960000,150.3,,,,,,,,,,0.740818202495575,-4.256815433502197,0.35902947187423706,8.194483200000001e-05,0.000839496853586752,116,0.0032934074,-0.024990465492010117,0.06175994873046875,0.032600930193439126,0.18099456000000003,0.2
,-215.93185424804688,0.0,980000,290.8,,,,0.9812832474708557,,,,,,,,,,,,,,,,,
,,,983040,,,0.02,30,0.9886499106884002,2365,-238.2252197265625,,323.52,415,,,,,,,,,,,,
,-219.6897735595703,0.0,1000000,291.9,,,,,,,,,,0.740818202495575,-4.256815433502197,0.4083123803138733,8.132224000000001e-05,0.00039541031219414435,120,0.0046976367,-0.024152027443051338,0.0525360107421875,0.034822173009160906,0.1803392,0.2
,,,1015808,,,0.01,31,1.0660586714744569,2429,-244.34983825683594,,352.97,418,,,,,,,,,,,,
,-208.95675659179688,0.0,1020000,185.4,,,,,,,,,,0.740818202495575,-4.256815433502197,0.4943992495536804,8.069964800000001e-05,0.0004049489871249534,124,0.0031828992,-0.03435269370675087,0.04732513427734375,0.021197965019382536,0.17968384,0.2
,-213.34872436523438,0.0,1040000,255.1,,,,1.0420751392841339,,,,,,,,,,,,,,,,,
,,,1048576,,,0.03,32,1.162693476676941,2514,-240.6793975830078,,326.05,417,,,,,,,,,,,,
,-204.2156524658203,0.0,1060000,206.6,,,,,,,,,,0.740818202495575,-4.256815433502197,0.3788626790046692,8.0077056e-05,0.00036533555612550117,128,0.004091762,-0.027410805225372314,0.0467529296875,0.033226957253646106,0.17902848000000002,0.2
,-219.79751586914062,0.0,1080000,184.6,,,,1.0564005076885223,,,,,,,,,,,,,,,,,
,,,1081344,,,0.02,33,1.2950928807258606,2593,-244.5267333984375,,346.48,416,,,,,,,,,,,,
,-192.15603637695312,0.1,1100000,253.2,,,,,,,,,,0.740818202495575,-4.256815433502197,0.5206866562366486,7.9454464e-05,0.0004970707159372978,132,0.0033157296,-0.03199473395943642,0.052032470703125,0.02182400255696848,0.17837312,0.2
,,,1114112,,,0.0,34,1.0650479435920714,2655,-238.23341369628906,,352.5,419,,,,,,,,,,,,
,-217.09823608398438,0.0,1120000,253.2,,,,,,,,,,0.740818202495575,-4.256815433502197,0.48404568433761597,7.8831872e-05,0.00018287440616404638,136,0.0035679585,-0.0277115311473608,0.04532623291015625,0.025561515998560935,0.17771776,0.2
,-209.96176147460938,0.0,1140000,148.5,,,,1.1351519525051117,,,,,,,,,,,,,,,,,
,,,1146880,,,0.0,35,1.1417494297027588,2735,-246.33468627929688,,346.97,419,,,,,,,,,,,,
,-225.37039184570312,0.0,1160000,258.4,,,,,,,,,,0.740818202495575,-4.256815433502197,0.49086469411849976,7.820928e-05,0.00017617694538785145,140,0.0030065263,-0.029971206560730934,0.048492431640625,0.02506388712208718,0.1770624,0.2
,,,1179648,,,0.03,36,1.078819477558136,2799,-231.88165283203125,,341.96,421,,,,,,,,,,,,
,-198.46914672851562,0.0,1180000,184.9,,,,,,,,,,0.740818202495575,-4.256815433502197,0.43206650018692017,7.7586688e-05,-0.0005304293990775477,144,0.0031419797,-0.02521846815943718,0.04193115234375,0.0258505922392942,0.17640704000000001,0.2
,-215.6752166748047,0.0,1200000,289.5,,,,1.1591102063655854,,,,,,,,,,,,,,,,,
,,,1212416,,,0.02,37,1.1891312658786775,2886,-240.41064453125,,344.85,419,,,,,,,,,,,,
,-205.56948852539062,0.0,1220000,146.3,,,,,,,,,,0.740818202495575,-4.256815433502197,0.48419153690338135,7.6964096e-05,0.00036524160532280803,148,0.003991242,-0.03145234286785126,0.0551605224609375,0.025219233008101583,0.17575168000000002,0.2
,-199.625244140625,0.0,1240000,250.2,,,,1.099753099679947,,,,,,,,,,,,,,,,,
,,,1245184,,,0.01,38,1.1906778275966645,2965,-244.0264129638672,,338.22,419,,,,,,,,,,,,
,-221.86819458007812,0.0,1260000,236.6,,,,,,,,,,0.740818202495575,-4.256815433502197,0.4422459006309509,7.6341504e-05,-0.0003308952727820724,152,0.0032212506,-0.02633834071457386,0.04456329345703125,0.02505401271628216,0.17509632,0.2
,,,1277952,,,0.03,39,1.0981135487556457,3027,-233.27206420898438,,341.07,422,,,,,,,,,,,,
,-213.0797576904297,0.0,1280000,182.8,,,,,,,,,,0.740818202495575,-4.256815433502197,0.4442785382270813,7.5718912e-05,-0.00010043170186690986,156,0.0032076477,-0.03290291503071785,0.03558349609375,0.022040410665795207,0.17444096,0.2
,-218.8342742919922,0.0,1300000,182.1,,,,1.0447576642036438,,,,,,,,,,,,,,,,,
,,,1310720,,,0.01,40,1.0605785608291627,3111,-242.80641174316406,,340.66,421,,,,,,,,,,,,
,-197.92178344726562,0.0,1320000,180.3,,,,,,,,,,0.740818202495575,-4.256815433502197,0.4287792444229126,7.509632000000001e-05,-5.857092764927074e-05,160,0.0031404644,-0.030183175578713417,0.04119110107421875,0.023339918698184192,0.1737856,0.2
,-221.9602508544922,0.0,1340000,245.1,,,,1.2363573908805847,,,,,,,,,,,,,,,,,
,,,1343488,,,0.02,41,1.0520895063877105,3194,-245.8979949951172,,331.42,420,,,,,,,,,,,,
,-196.74696350097656,0.1,1360000,202.3,,,,,,,,,,0.740818202495575,-4.256815433502197,0.43003255128860474,7.447372800000001e-05,0.00023431864974554628,164,0.002474527,-0.029821299016475677,0.0444488525390625,0.024666709767188877,0.17313024000000002,0.2
,,,1376256,,,0.01,42,1.0939970135688781,3251,-245.24386596679688,,296.8,423,,,,,,,,,,,,
,-214.0082244873047,0.0,1380000,172.1,,,,,,,,,,0.740818202495575,-4.256815433502197,0.28673410415649414,7.3851136e-05,-0.0009284572151955217,168,0.0038990518,-0.027010314166545868,0.05297088623046875,0.042012244812212884,0.17247488,0.2
,-226.98291015625,0.0,1400000,266.2,,,,1.1564172804355621,,,,,,,,,,,,,,,,,
,,,1409024,,,0.01,43,1.1792819678783417,3336,-249.32656860351562,,312.02,422,,,,,,,,,,,,
,-231.2122344970703,0.0,1420000,219.2,,,,,,,,,,0.740818202495575,-4.256815433502197,0.35508817434310913,7.3228544e-05,-0.0007873489284975221,172,0.0027912497,-0.027338571846485138,0.04999542236328125,0.028686361387372017,0.17181952,0.2
,-205.66354370117188,0.0,1440000,171.2,,,,1.2535829365253448,,,,,,,,,,,,,,,,,
,,,1441792,,,0.01,44,1.1455214738845825,3413,-246.1293487548828,,312.46,422,,,,,,,,,,,,
,-211.77084350585938,0.1,1460000,217.1,,,,,,,,,,0.740818202495575,-4.256815433502197,0.320034921169281,7.2605952e-05,-9.191694334731437e-05,176,0.0031212256,-0.028963830322027206,0.0464019775390625,0.030138357600662857,0.17116416,0.2
,,,1474560,,,0.02,45,1.150983166694641,3474,-245.45570373535156,,298.76,424,,,,,,,,,,,,
,-214.3623809814453,0.0,1480000,262.3,,,,,,,,,,0.740818202495575,-4.256815433502197,0.29162687063217163,7.198335999999999e-05,1.1262352927587926e-05,180,0.002331506,-0.025364190340042114,0.0360107421875,0.035226636566221714,0.17050880000000002,0.2
,-186.5714569091797,0.1,1500000,134.3,,,,1.065699726343155,,,,,,,,,,,,,,,,,
,,,1507328,,,0.02,46,1.2337076902389525,3554,-242.46493530273438,,286.92,424,,,,,,,,,,,,
,-208.86294555664062,0.1,1520000,199.3,,,,,,,,,,0.740818202495575,-4.256815433502197,0.31312036514282227,7.1360768e-05,-0.0003403845512366388,184,0.0031016679,-0.022890839725732803,0.03565216064453125,0.03998947748914361,0.16985344000000002,0.2
,-211.8658905029297,0.0,1540000,155.8,,,,1.1036165952682495,,,,,,,,,,,,,,,,,
,,,1540096,,,0.02,47,1.0741389989852905,3639,-245.50961303710938,,305.55,423,,,,,,,,,,,,
,-199.94717407226562,0.0,1560000,105.8,,,,,,,,,,0.740818202495575,-4.256815433502197,0.35080063343048096,7.073817600000001e-05,-0.0002616503697936423,188,0.002183472,-0.025368548929691315,0.041351318359375,0.03140449576312676,0.16919808000000003,0.2
,,,1572864,,,0.04,48,1.1933314681053162,3687,-238.05247497558594,,289.92,426,,,,,,,,,,,,
,-224.53347778320312,0.0,1580000,258.2,,,,,,,,,,0.740818202495575,-4.256815433502197,0.3330460786819458,7.0115584e-05,-0.00016992176097119227,192,0.0022601937,-0.022638875991106033,0.02825927734375,0.03789116896223277,0.16854272,0.2
,-228.3065643310547,0.0,1600000,290.4,,,,1.1427448630332946,,,,,,,,,,,,,,,,,
,,,1605632,,,0.01,49,1.1167959332466126,3781,-251.4397430419922,,309.17,424,,,,,,,,,,,,
,-215.3547821044922,0.0,1620000,166.3,,,,,,,,,,0.740818202495575,-4.256815433502197,0.34436148405075073,6.9492992e-05,-0.00012544138735393062,196,0.002644051,-0.025822632014751434,0.0362548828125,0.03028692025691271,0.16788736,0.2
,,,1638400,,,0.02,50,1.226377499103546,3833,-245.03997802734375,,294.71,427,,,,,,,,,,,,
,-211.1901397705078,0.0,1640000,167.0,,,,,,,,,,0.740818202495575,-4.256815433502197,0.3616794943809509,6.887040000000001e-05,-0.0006825748205301352,200,0.0032121716,-0.02830350771546364,0.0484771728515625,0.0340968468808569,0.16723200000000002,0.2
,-195.9095001220703,0.1,1660000,163.5,,,,1.1954914152622222,,,,,,,,,,,,,,,,,
,,,1671168,,,0.01,51,1.0748718500137329,3911,-249.12826538085938,,297.79,427,,,,,,,,,,,,
,-208.58560180664062,0.0,1680000,132.0,,,,,,,,,,0.740818202495575,-4.256815433502197,0.3599610924720764,6.824780800000001e-05,-0.00037592165244859643,204,0.0028048218,-0.025387901812791824,0.0404052734375,0.03366182022728026,0.16657664,0.2
,-191.20596313476562,0.0,1700000,96.5,,,,1.1614619731903075,,,,,,,,,,,,,,,,,
,,,1703936,,,0.01,52,1.2001047730445862,3978,-248.0088348388672,,301.68,428,,,,,,,,,,,,
,-223.0023193359375,0.0,1720000,213.8,,,,,,,,,,0.740818202495575,-4.256815433502197,0.38502806425094604,6.7625216e-05,0.00035971979741589166,208,0.002863591,-0.02596813440322876,0.045196533203125,0.031234800349920988,0.16592128,0.2
,,,1736704,,,0.03,53,1.3102658927440642,4034,-241.30389404296875,,279.16,430,,,,,,,,,,,,
,-245.521484375,0.0,1740000,296.5,,,,,,,,,,0.740818202495575,-4.256815433502197,0.32973259687423706,6.700262400000001e-05,-8.00001471361611e-05,212,0.0027377168,-0.021298937499523163,0.0390472412109375,0.03679632022976875,0.16526592,0.2
,-242.6831817626953,0.0,1760000,308.2,,,,1.1373952865600585,,,,,,,,,,,,,,,,,
,,,1769472,,,0.01,54,1.2657560050487517,4131,-252.86326599121094,,296.26,428,,,,,,,,,,,,
,-221.49618530273438,0.0,1780000,225.4,,,,,,,,,,0.740818202495575,-4.256815433502197,0.3326340317726135,6.6380032e-05,-0.000514855270012049,216,0.0023899376,-0.025401130318641663,0.03528594970703125,0.032731093117035925,0.16461056000000002,0.2
,-216.6329803466797,0.0,1800000,180.0,,,,1.2145871818065643,,,,,,,,,,,,,,,,,
,,,1802240,,,0.02,55,1.2489275455474853,4210,-246.35385131835938,,287.07,428,,,,,,,,,,,,
,-232.12451171875,0.0,1820000,243.4,,,,,,,,,,0.740818202495575,-4.256815433502197,0.3348039388656616,6.575744e-05,-7.231146810227074e-05,220,0.0028346586,-0.026104850694537163,0.0327606201171875,0.03678737237351015,0.16395520000000002,0.2
,,,1835008,,,0.01,56,1.0800922393798829,4273,-252.34585571289062,,287.43,429,,,,,,,,,,,,
,-224.04476928710938,0.0,1840000,240.1,,,,,,,,,,0.740818202495575,-4.256815433502197,0.333909809589386,6.5134848e-05,-0.00035353503699298017,224,0.0017841125,-0.028496168553829193,0.0312042236328125,0.03328093950403854,0.16329984,0.2
,-223.5448455810547,0.0,1860000,183.4,,,,1.2644051373004914,,,,,,,,,,,,,,,,,
,,,1867776,,,0.01,57,1.2867685437202454,4354,-241.84014892578125,,262.56,428,,,,,,,,,,,,
,-232.4984130859375,0.0,1880000,211.1,,,,,,,,,,0.740818202495575,-4.256815433502197,0.2637380361557007,6.4512256e-05,-0.00145778952355613,228,0.0033500763,-0.01929464563727379,0.0640411376953125,0.04686849017161876,0.16264448,0.2
,-241.49697875976562,0.0,1900000,242.0,,,,1.2623060286045074,,,,,,,,,,,,,,,,,
,,,1900544,,,0.0,58,1.2034121751785278,4439,-247.73992919921875,,281.37,428,,,,,,,,,,,,
,-205.2007293701172,0.0,1920000,121.3,,,,,,,,,,0.740818202495575,-4.256815433502197,0.20447438955307007,6.3889664e-05,-0.0004297526684240438,232,0.0023174328,-0.023756278678774834,0.04319000244140625,0.034411173895932734,0.16198912000000001,0.2
,,,1933312,,,0.01,59,1.0544752418994903,4493,-239.4337921142578,,254.16,430,,,,,,,,,,,,
,-235.09921264648438,0.0,1940000,245.5,,,,,,,,,,0.740818202495575,-4.256815433502197,0.18410271406173706,6.3267072e-05,-0.0006188835723150987,236,0.002897905,-0.023548655211925507,0.04227447509765625,0.04121549869887531,0.16133376,0.2
,-179.0569610595703,0.2,1960000,124.6,,,,1.2564192295074463,,,,,,,,,,,,,,,,,
,,,1966080,,,0.02,60,1.1736472249031067,4574,-239.732421875,,275.92,429,,,,,,,,,,,,
,-220.21951293945312,0.0,1980000,216.8,,,,,,,,,,0.740818202495575,-4.256815433502197,0.26581400632858276,6.264448e-05,-0.00034653803959372453,240,0.0025545196,-0.020602893084287643,0.03002166748046875,0.03657071734778583,0.1606784,0.2
,,,1998848,,,0.01,61,1.0208239793777465,4635,-242.23492431640625,,276.16,431,,,,,,,,,,,,
,-201.17413330078125,0.0,2000000,126.0,,,,,,,,,,0.740818202495575,-4.256815433502197,0.2935003638267517,6.202188800000001e-05,-0.0005906914630031679,244,0.0026232386,-0.025193125009536743,0.029541015625,0.037278914358466864,0.16002304,0.2
,-222.3616943359375,0.0,2020000,155.1,,,,1.198246020078659,,,,,,,,,,,,,,,,,
,,,2031616,,,0.01,62,1.1330048441886902,4708,-254.49642944335938,,304.73,431,,,,,,,,,,,,
,-192.57662963867188,0.1,2040000,152.5,,,,,,,,,,0.740818202495575,-4.256815433502197,0.39363425970077515,6.1399296e-05,0.00023405332831316628,248,0.0016209547,-0.028722969815135002,0.0269317626953125,0.027157221280504018,0.15936768,0.2
,-229.88821411132812,0.0,2060000,214.9,,,,1.1998745858669282,,,,,,,,,,,,,,,,,
,,,2064384,,,0.0,63,1.3037651240825654,4784,-245.2352294921875,,281.51,431,,,,,,,,,,,,
,-224.30905151367188,0.0,2080000,179.1,,,,,,,,,,0.740818202495575,-4.256815433502197,0.3407171368598938,6.0776704e-05,-0.0005500429324456491,252,0.002015498,-0.025382453575730324,0.03015899658203125,0.03708499012282118,0.15871232000000002,0.2
,,,2097152,,,0.0,64,1.2550026416778564,4839,-250.15402221679688,,276.7,433,,,,,,,,,,,,
,-214.9790802001953,0.0,2100000,153.3,,,,,,,,,,0.740818202495575,-4.256815433502197,0.27989447116851807,6.015411200000001e-05,-0.0007107390920282342,256,0.0033346924,-0.02115800976753235,0.052734375,0.03835653024725616,0.15805696000000002,0.2
,-213.02963256835938,0.0,2120000,149.9,,,,1.2129957854747773,,,,,,,,,,,,,,,,,
,,,2129920,,,0.02,65,1.2119046747684479,4910,-242.65576171875,,265.17,433,,,,,,,,,,,,
,-221.2906951904297,0.0,2140000,211.6,,,,,,,,,,0.740818202495575,-4.256815433502197,0.25164902210235596,5.953152000000001e-05,-0.0006976882905291859,260,0.0033638515,-0.022830132395029068,0.04450225830078125,0.04196665110066533,0.15740160000000003,0.2
,-223.01956176757812,0.0,2160000,212.2,,,,1.1516880214214325,,,,,,,,,,,,,,,,,
,,,2162688,,,0.02,66,1.2480642259120942,4995,-242.01918029785156,,269.12,432,,,,,,,,,,,,
,-215.0970458984375,0.0,2180000,138.1,,,,,,,,,,0.740818202495575,-4.256815433502197,0.2464505434036255,5.8908928e-05,-0.0005001610734325368,264,0.0021423895,-0.021250570192933083,0.03681182861328125,0.041613317909650505,0.15674624,0.2
,,,2195456,,,0.02,67,1.2530371487140655,5045,-243.2830047607422,,257.61,435,,,,,,,,,,,,
,-229.6480712890625,0.0,2200000,234.1,,,,,,,,,,0.740818202495575,-4.256815433502197,0.25000083446502686,5.8286336e-05,-0.00045729360499535687,268,0.002175765,-0.023179881274700165,0.045074462890625,0.039259414945263416,0.15609088000000002,0.2
,-215.97598266601562,0.0,2220000,147.1,,,,1.21036456823349,,,,,,,,,,,,,,,,,
,,,2228224,,,0.0,68,1.1980826079845428,5125,-245.29180908203125,,255.4,434,,,,,,,,,,,,
,-212.28878784179688,0.0,2240000,144.5,,,,,,,,,,0.740818202495575,-4.256815433502197,0.24724280834197998,5.766374400000001e-05,-0.00011609159628278576,272,0.0020920527,-0.02302166260778904,0.024169921875,0.04274060414172709,0.15543552000000002,0.2
,-226.9925994873047,0.0,2260000,202.6,,,,1.2720410346984863,,,,,,,,,,,,,,,,,
,,,2260992,,,0.06,69,1.305210429430008,5200,-237.83253479003906,,250.09,434,,,,,,,,,,,,
,-231.5277557373047,0.0,2280000,203.2,,,,,,,,,,0.740818202495575,-4.256815433502197,0.19050443172454834,5.7041152e-05,-0.00039482991996919736,276,0.002994704,-0.01764777861535549,0.05037689208984375,0.05160960811190307,0.15478016,0.2
,,,2293760,,,0.01,70,1.2794839143753052,5253,-242.29637145996094,,250.22,436,,,,,,,,,,,,
,-241.3412322998047,0.0,2300000,207.2,,,,,,,,,,0.740818202495575,-4.256815433502197,0.20030063390731812,5.641856e-05,0.00021386647131294012,280,0.0013879236,-0.021294405683875084,0.0306549072265625,0.04575027909595519,0.1541248,0.2
,-207.8533172607422,0.0,2320000,118.4,,,,1.1561538994312286,,,,,,,,,,,,,,,,,
,,,2326528,,,0.02,71,1.2392206132411956,5328,-241.97027587890625,,257.15,436,,,,,,,,,,,,
,-221.7799835205078,0.0,2340000,143.6,,,,,,,,,,0.740818202495575,-4.256815433502197,0.18466609716415405,5.5795968000000005e-05,-0.0004656931778299622,284,0.0025696475,-0.01843791827559471,0.0383453369140625,0.04610116023104638,0.15346944,0.2
,,,2359296,,,0.0,72,1.186428439617157,5381,-242.10462951660156,,258.35,438,,,,,,,,,,,,
,-208.2898712158203,0.0,2360000,133.6,,,,,,,,,,0.740818202495575,-4.256815433502197,0.27374666929244995,5.517337600000001e-05,-0.00017921073231264018,288,0.0023655244,-0.02557477168738842,0.03200531005859375,0.03906706487759948,0.15281408000000002,0.2
,-192.3956298828125,0.0,2380000,88.8,,,,1.1748259663581848,,,,,,,,,,,,,,,,,
,,,2392064,,,0.01,73,1.1885265171527863,5451,-251.49339294433594,,268.23,438,,,,,,,,,,,,
,-222.76895141601562,0.0,2400000,161.9,,,,,,,,,,0.740818202495575,-4.256815433502197,0.2595224380493164,5.4550783999999996e-05,-0.0002910565053753089,292,0.0024411401,-0.026499679312109947,0.03661346435546875,0.03545334661612287,0.15215872,0.2
,-206.1658935546875,0.0,2420000,143.6,,,,1.175716370344162,,,,,,,,,,,,,,,,,
,,,2424832,,,0.02,74,1.1977233648300172,5527,-247.98690795898438,,265.13,438,,,,,,,,,,,,
,-228.8109893798828,0.0,2440000,172.0,,,,,,,,,,0.740818202495575,-4.256815433502197,0.21599030494689941,5.3928192e-05,-0.00037157474434934556,296,0.0020742759,-0.023963183164596558,0.036712646484375,0.041185256792232394,0.15150336,0.2
,,,2457600,,,0.01,75,1.2217973172664642,5581,-250.1713104248047,,273.81,440,,,,,,,,,,,,
,-227.6334686279297,0.0,2460000,198.7,,,,,,,,,,0.740818202495575,-4.256815433502197,0.22262132167816162,5.330560000000001e-05,-0.00021255201863823459,300,0.0017360847,-0.02657468058168888,0.02442169189453125,0.036276584723964334,0.150848,0.2
,-214.03897094726562,0.0,2480000,143.9,,,,1.2465588808059693,,,,,,,,,,,,,,,,,
,,,2490368,,,0.02,76,1.052693498134613,5662,-248.58294677734375,,269.95,439,,,,,,,,,,,,
,-242.5494842529297,0.0,2500000,226.7,,,,,,,,,,0.740818202495575,-4.256815433502197,0.28508836030960083,5.2683008e-05,-0.0002655399475770537,304,0.0018431871,-0.024831943213939667,0.027069091796875,0.036373745708260685,0.15019264000000002,0.2
,-219.02645874023438,0.0,2520000,169.4,,,,1.111212331056595,,,,,,,,,,,,,,,,,
,,,2523136,,,0.01,77,1.127828049659729,5748,-249.56756591796875,,266.37,438,,,,,,,,,,,,
,-220.7121124267578,0.0,2540000,171.0,,,,,,,,,,0.740818202495575,-4.256815433502197,0.20584464073181152,5.2060416e-05,-0.0006870978577353526,308,0.0019483892,-0.023855060338974,0.0366058349609375,0.04099387116730213,0.14953728,0.2
,,,2555904,,,0.01,78,1.0947686970233916,5805,-248.2860870361328,,266.86,440,,,,,,,,,,,,
,-226.71481323242188,0.0,2560000,171.8,,,,,,,,,,0.740818202495575,-4.256815433502197,0.21214765310287476,5.1437824e-05,-0.0002618021608213894,312,0.0020522815,-0.022335045039653778,0.031524658203125,0.03673632210120559,0.14888192,0.2
,-230.12899780273438,0.0,2580000,200.2,,,,1.2173133373260498,,,,,,,,,,,,,,,,,
,,,2588672,,,0.0,79,1.110753309726715,5886,-253.73513793945312,,261.94,439,,,,,,,,,,,,
,-225.65640258789062,0.0,2600000,171.4,,,,,,,,,,0.740818202495575,-4.256815433502197,0.23769640922546387,5.0815231999999995e-05,-7.242924766615033e-07,316,0.0015333974,-0.02266267128288746,0.02310943603515625,0.037461052532307804,0.14822656,0.2
,-216.82278442382812,0.0,2620000,143.3,,,,1.1185759246349334,,,,,,,,,,,,,,,,,
,,,2621440,,,0.01,80,1.2712414860725403,5963,-252.35919189453125,,270.2,439,,,,,,,,,,,,
,-243.82632446289062,0.0,2640000,244.2,,,,,,,,,,0.740818202495575,-4.256815433502197,0.2391377091407776,5.019264000000001e-05,-0.0004187193371762987,320,0.0017656998,-0.026629101485013962,0.019195556640625,0.03529352799523622,0.1475712,0.2
,,,2654208,,,0.0,81,1.1677834212779998,6026,-257.332275390625,,281.07,440,,,,,,,,,,,,
,-227.49728393554688,0.0,2660000,197.8,,,,,,,,,,0.740818202495575,-4.256815433502197,0.27043092250823975,4.9570048e-05,0.000320718674629461,324,0.0013090861,-0.024607840925455093,0.02385711669921875,0.03611005935817957,0.14691584000000002,0.2
,-225.14663696289062,0.0,2680000,186.5,,,,1.1737841844558716,,,,,,,,,,,,,,,,,
,,,2686976,,,0.0,82,1.3013047397136688,6102,-250.42063903808594,,261.65,440,,,,,,,,,,,,
,-228.6572723388672,0.0,2700000,193.6,,,,,,,,,,0.740818202495575,-4.256815433502197,0.2309594750404358,4.8947456000000005e-05,-0.00034265881004102994,328,0.0018101514,-0.02001279965043068,0.0216064453125,0.03966110781766474,0.14626048000000003,0.2
,,,2719744,,,0.01,83,1.2236822962760925,6159,-256.0155029296875,,277.18,441,,,,,,,,,,,,
,-228.0367431640625,0.0,2720000,191.4,,,,,,,,,,0.740818202495575,-4.256815433502197,0.2219761610031128,4.8324864000000004e-05,-0.0002595595724415034,332,0.0016965165,-0.027013013139367104,0.02416229248046875,0.036062892933841795,0.14560512,0.2
,-222.73300170898438,0.0,2740000,167.7,,,,1.2997932255268096,,,,,,,,,,,,,,,,,
,,,2752512,,,0.02,84,1.2494138836860658,6232,-250.6519775390625,,267.77,441,,,,,,,,,,,,
,-222.8035430908203,0.0,2760000,163.7,,,,,,,,,,0.740818202495575,-4.256815433502197,0.2269248366355896,4.770227200000001e-05,-0.00014724257198395208,336,0.0015305876,-0.023449542000889778,0.0252838134765625,0.03574604640016332,0.14494976,0.2
,-196.8553924560547,0.1,2780000,134.9,,,,1.2479775369167327,,,,,,,,,,,,,,,,,
,,,2785280,,,0.0,85,1.187724417448044,6306,-248.1861114501953,,250.24,441,,,,,,,,,,,,
,-204.0084991455078,0.0,2800000,110.0,,,,,,,,,,0.740818202495575,-4.256815433502197,0.17079412937164307,4.707968e-05,-0.0006097161021898501,340,0.0022739747,-0.019332528114318848,0.03643035888671875,0.04168958333320916,0.14429440000000002,0.2
,,,2818048,,,0.02,86,1.1608528017997741,6359,-247.517578125,,253.63,443,,,,,,,,,,,,
,-200.8817138671875,0.0,2820000,114.2,,,,,,,,,,0.740818202495575,-4.256815433502197,0.20017802715301514,4.6457088e-05,-0.0001762895226420369,344,0.001483459,-0.019877925515174866,0.0285491943359375,0.03950785269262269,0.14363904,0.2
,-205.26168823242188,0.1,2840000,162.7,,,,1.269357192516327,,,,,,,,,,,,,,,,,
,,,2850816,,,0.02,87,1.0890480995178222,6431,-246.74380493164062,,259.41,443,,,,,,,,,,,,
,-220.10916137695312,0.0,2860000,162.8,,,,,,,,,,0.740818202495575,-4.256815433502197,0.2221711277961731,4.5834496000000005e-05,-0.000418046343838796,348,0.0015318571,-0.021943826228380203,0.02338409423828125,0.0384649564512074,0.14298368,0.2
,-225.13034057617188,0.0,2880000,162.6,,,,1.1045252442359925,,,,,,,,,,,,,,,,,
,,,2883584,,,0.03,88,1.2090623736381532,6507,-244.2033233642578,,247.66,443,,,,,,,,,,,,
,-216.8440704345703,0.0,2900000,126.2,,,,,,,,,,0.740818202495575,-4.256815433502197,0.21000885963439941,4.5211904e-05,8.734234506846406e-05,352,0.0017177274,-0.024273322895169258,0.0218505859375,0.039042294141836464,0.14232832,0.2
,,,2916352,,,0.0,89,1.153900146484375,6558,-252.0207061767578,,254.46,444,,,,,,,,,,,,
,-211.3472137451172,0.0,2920000,125.3,,,,,,,,,,0.740818202495575,-4.256815433502197,0.19539588689804077,4.4589312e-05,-4.543094109976664e-05,356,0.0012372329,-0.021020010113716125,0.01996612548828125,0.041830992442555726,0.14167296000000001,0.2
,-177.75802612304688,0.1,2940000,83.9,,,,1.3077956914901734,,,,,,,,,,,,,,,,,
,,,2949120,,,0.0,90,1.271251916885376,6618,-249.45974731445312,,257.03,445,,,,,,,,,,,,
,-232.4180908203125,0.0,2960000,186.9,,,,,,,,,,0.740818202495575,-4.256815433502197,0.20321708917617798,4.396672e-05,-0.0003970550733356504,360,0.001488748,-0.02552977204322815,0.02608489990234375,0.0366458700154908,0.14101760000000002,0.2
,-211.2386932373047,0.0,2980000,112.1,,,,1.1237195968627929,,,,,,,,,,,,,,,,,
,,,2981888,,,0.02,91,1.1866231322288514,6694,-246.04005432128906,,249.38,445,,,,,,,,,,,,
,-236.95767211914062,0.0,3000000,240.4,,,,,,,,,,0.740818202495575,-4.256815433502197,0.18959510326385498,4.334412800000001e-05,-0.0007880688826844562,364,0.002060876,-0.02061048150062561,0.0336761474609375,0.04281890473794192,0.14036224000000003,0.2
,,,3014656,,,0.02,92,1.2211932599544526,6754,-246.7025146484375,,248.09,446,,,,,,,,,,,,
,-228.4322509765625,0.0,3020000,161.9,,,,,,,,,,0.740818202495575,-4.256815433502197,0.20993804931640625,4.2721536e-05,-0.0005523986437765416,368,0.0019416125,-0.020344644784927368,0.03672027587890625,0.043258762918412685,0.13970688,0.2
,-192.4689483642578,0.0,3040000,80.9,,,,1.1872098922729493,,,,,,,,,,,,,,,,,
,,,3047424,,,0.0,93,1.1860255479812623,6823,-256.02490234375,,254.02,446,,,,,,,,,,,,
,-225.9638671875,0.0,3060000,162.6,,,,,,,,,,0.740818202495575,-4.256815433502197,0.2022368311882019,4.2098944e-05,0.0002079952391795814,372,0.0013621419,-0.020772969350218773,0.0210723876953125,0.04025544796604663,0.13905152,0.2
,-251.48068237304688,0.0,3080000,257.3,,,,1.0239370524883271,,,,,,,,,,,,,,,,,
,,,3080192,,,0.02,94,1.2964873731136322,6909,-245.94647216796875,,251.23,445,,,,,,,,,,,,
,-196.9492645263672,0.1,3100000,165.2,,,,,,,,,,0.740818202495575,-4.256815433502197,0.1772173047065735,4.1476352000000004e-05,-0.0003484293265501037,376,0.002068358,-0.02529584802687168,0.0431365966796875,0.03723488230025396,0.13839616000000002,0.2
,,,3112960,,,0.03,95,1.2478730261325837,6961,-245.32986450195312,,249.81,447,,,,,,,,,,,,
,-221.02127075195312,0.0,3120000,163.0,,,,,,,,,,0.740818202495575,-4.256815433502197,0.18336880207061768,4.0853759999999996e-05,0.00034286104346392676,380,0.0022279844,-0.0217784121632576,0.044403076171875,0.044746825471520424,0.1377408,0.2
,-233.6761474609375,0.0,3140000,187.9,,,,1.1770007193088532,,,,,,,,,,,,,,,,,
,,,3145728,,,0.02,96,1.2173291206359864,7036,-245.99534606933594,,248.58,447,,,,,,,,,,,,
,-233.23660278320312,0.0,3160000,186.8,,,,,,,,,,0.740818202495575,-4.256815433502197,0.2007548213005066,4.0231168e-05,-1.6523732483619824e-05,384,0.0018195284,-0.01704876869916916,0.0354766845703125,0.042552942177280784,0.13708544,0.2
,,,3178496,,,0.01,97,1.1318903923034669,7092,-247.51051330566406,,248.39,448,,,,,,,,,,,,
,-209.80615234375,0.0,3180000,136.6,,,,,,,,,,0.740818202495575,-4.256815433502197,0.16657096147537231,3.9608576e-05,-0.0001915053799166344,388,0.0017706417,-0.018820034340023994,0.0314788818359375,0.04067897645290941,0.13643008,0.2
,-220.04855346679688,0.0,3200000,157.8,,,,1.1619717061519623,,,,,,,,,,,,,,,,,
,,,3211264,,,0.0,98,1.160862571001053,7164,-256.1732177734375,,270.34,448,,,,,,,,,,,,
,-217.107177734375,0.0,3220000,137.5,,,,,,,,,,0.740818202495575,-4.256815433502197,0.17645543813705444,3.8985984000000005e-05,5.489973773364909e-05,392,0.0013435362,-0.021949492394924164,0.02916717529296875,0.037518906756304204,0.13577472000000002,0.2
,-239.7136993408203,0.0,3240000,216.3,,,,1.1394465446472168,,,,,,,,,,,,,,,,,
,,,3244032,,,0.01,99,1.2162406146526337,7244,-254.44589233398438,,260.11,447,,,,,,,,,,,,
,-223.60385131835938,0.0,3260000,181.3,,,,,,,,,,0.740818202495575,-4.256815433502197,0.21249902248382568,3.8363392000000004e-05,-0.0004199287468509283,396,0.0016255984,-0.02424643561244011,0.024810791015625,0.03857614187290892,0.13511936000000002,0.2
,,,3276800,,,0.02,100,1.2788162350654602,7297,-241.42111206054688,,243.47,449,,,,,,,,,,,,
,-215.8700408935547,0.0,3280000,138.7,,,,,,,,,,0.740818202495575,-4.256815433502197,0.21639776229858398,3.77408e-05,-0.0003918411021004431,400,0.002288497,-0.021009232848882675,0.04843902587890625,0.04620217240881175,0.134464,0.2
,-184.66287231445312,0.1,3300000,107.9,,,,1.2762317895889281,,,,,,,,,,,,,,,,,
,,,3309568,,,0.0,101,1.1808160841464996,7366,-254.6314239501953,,258.94,449,,,,,,,,,,,,
,-213.82675170898438,0.0,3320000,129.0,,,,,,,,,,0.740818202495575,-4.256815433502197,0.24288266897201538,3.7118208e-05,-0.00040401242949883454,404,0.0012978966,-0.025631967931985855,0.02272796630859375,0.037394547602161765,0.13380864,0.2
,-226.1997528076172,0.0,3340000,168.6,,,,1.152433067560196,,,,,,,,,,,,,,,,,
,,,3342336,,,0.01,102,1.1989061892032624,7440,-252.22479248046875,,255.51,449,,,,,,,,,,,,
,-225.8635711669922,0.0,3360000,191.4,,,,,,,,,,0.740818202495575,-4.256815433502197,0.2607153058052063,3.6495616e-05,-0.0008000414309208281,408,0.0023546703,-0.022782940417528152,0.0511627197265625,0.04169844160787761,0.13315327999999998,0.2
,,,3375104,,,0.01,103,1.2047654211521148,7496,-244.87603759765625,,259.7,450,,,,,,,,,,,,
,-237.6132049560547,0.0,3380000,181.7,,,,,,,,,,0.740818202495575,-4.256815433502197,0.22238081693649292,3.5873024e-05,3.687087519210763e-05,412,0.0017634954,-0.017872612923383713,0.03017425537109375,0.043330873479135334,0.13249792,0.2
,-217.1205291748047,0.0,3400000,141.9,,,,1.3142975628376008,,,,,,,,,,,,,,,,,
,,,3407872,,,0.0,104,1.2479215800762176,7565,-254.69754028320312,,269.81,450,,,,,,,,,,,,
,-240.1501922607422,0.0,3420000,193.6,,,,,,,,,,0.740818202495575,-4.256815433502197,0.2509992718696594,3.5250432e-05,0.00013238426618045196,416,0.0016117597,-0.022349240258336067,0.0301971435546875,0.0380441551678814,0.13184256,0.2
,-184.66221618652344,0.0,3440000,62.4,,,,1.1886742413043976,,,,,,,,,,,,,,,,,
,,,3440640,,,0.01,105,1.161688619852066,7636,-258.55975341796875,,279.99,450,,,,,,,,,,,,
,-197.95912170410156,0.1,3460000,153.6,,,,,,,,,,0.740818202495575,-4.256815433502197,0.1451675295829773,3.462784000000001e-05,-4.533179890131578e-05,420,0.0010739029,-0.021749131381511688,0.019805908203125,0.03566802170826122,0.1311872,0.2
,,,3473408,,,0.0,106,1.247034341096878,7687,-250.65696716308594,,268.62,451,,,,,,,,,,,,
,-208.83560180664062,0.0,3480000,113.3,,,,,,,,,,0.740818202495575,-4.256815433502197,0.2233107089996338,3.4005247999999996e-05,-0.00018959008957608603,424,0.0012733678,-0.02096058800816536,0.034271240234375,0.03972604498267174,0.13053184,0.2
,-215.97140502929688,0.0,3500000,167.4,,,,1.2035027742385864,,,,,,,,,,,,,,,,,
,,,3506176,,,0.0,107,1.129695576429367,7761,-254.3728485107422,,264.22,451,,,,,,,,,,,,
,-234.4144744873047,0.0,3520000,218.1,,,,,,,,,,0.740818202495575,-4.256815433502197,0.24411344528198242,3.338265600000001e-05,-2.9125007131369784e-05,428,0.0014931001,-0.025685429573059082,0.02883148193359375,0.0378305027843453,0.12987648000000002,0.2
,,,3538944,,,0.03,108,1.1717853188514709,7820,-256.3856201171875,,278.76,452,,,,,,,,,,,,
,-236.24966430664062,0.0,3540000,218.0,,,,,,,,,,0.740818202495575,-4.256815433502197,0.26784390211105347,3.2760064000000007e-05,-0.0001979433436645195,432,0.0015933381,-0.02704135701060295,0.03170013427734375,0.03681714698905125,0.12922112000000002,0.2
,-245.2841339111328,0.0,3560000,219.6,,,,1.0566705763339996,,,,,,,,,,,,,,,,,
,,,3571712,,,0.0,109,1.2345886647701263,7906,-254.84188842773438,,258.51,451,,,,,,,,,,,,
,-216.5930938720703,0.0,3580000,138.0,,,,,,,,,,0.740818202495575,-4.256815433502197,0.26709067821502686,3.213747199999999e-05,0.00018673529484658502,436,0.0012336408,-0.022053103893995285,0.01982879638671875,0.03837697790004313,0.12856576,0.2
,-200.9745635986328,0.1,3600000,137.6,,,,1.0762954115867616,,,,,,,,,,,,,,,,,
,,,3604480,,,0.02,110,1.2466739475727082,7977,-250.33738708496094,,261.56,451,,,,,,,,,,,,
,-205.50790405273438,0.0,3620000,126.8,,,,,,,,,,0.740818202495575,-4.256815433502197,0.2322559356689453,3.1514880000000004e-05,-0.0004649446491384879,440,0.0019022499,-0.024685606360435486,0.0395965576171875,0.040323500405065715,0.1279104,0.2
,,,3637248,,,0.03,111,1.2421655058860779,8027,-239.0699005126953,,242.04,453,,,,,,,,,,,,
,-216.5630340576172,0.0,3640000,157.7,,,,,,,,,,0.740818202495575,-4.256815433502197,0.18087899684906006,3.0892288e-05,-0.00043339010153431445,444,0.001619905,-0.02075520157814026,0.03658294677734375,0.04686447943095118,0.12725503999999999,0.2
,-213.48568725585938,0.0,3660000,138.0,,,,1.2985571205615998,,,,,,,,,,,,,,,,,
,,,3670016,,,0.05,112,1.235489195585251,8096,-242.77947998046875,,253.3,453,,,,,,,,,,,,
,-230.9525604248047,0.0,3680000,194.1,,,,,,,,,,0.740818202495575,-4.256815433502197,0.20489168167114258,3.0269696e-05,-0.0003893010762112681,448,0.0016318797,-0.020909227430820465,0.04931640625,0.041917142225429416,0.12659968,0.2
,-235.8761749267578,0.0,3700000,223.0,,,,1.2177227079868316,,,,,,,,,,,,,,,,,
,,,3702784,,,0.0,113,1.0990621209144593,8181,-254.9944305419922,,271.43,452,,,,,,,,,,,,
,-243.90762329101562,0.0,3720000,208.4,,,,,,,,,,0.740818202495575,-4.256815433502197,0.267134428024292,2.9647104e-05,-0.0002920670449384488,452,0.0012752414,-0.02692248299717903,0.030853271484375,0.03376855206442997,0.12594432,0.2
,,,3735552,,,0.01,114,1.2226942420005797,8236,-249.62960815429688,,259.04,453,,,,,,,,,,,,
,-213.6150665283203,0.0,3740000,114.8,,,,,,,,,,0.740818202495575,-4.256815433502197,0.21349292993545532,2.9024512e-05,-0.00025405130872968584,456,0.0009850678,-0.017892487347126007,0.02490234375,0.040235327440313995,0.12528896,0.2
,-222.9033966064453,0.0,3760000,171.9,,,,1.2562522053718568,,,,,,,,,,,,,,,,,
,,,3768320,,,0.01,115,1.2566252529621125,8302,-254.1100616455078,,272.62,453,,,,,,,,,,,,
,-204.53067016601562,0.1,3780000,162.5,,,,,,,,,,0.740818202495575,-4.256815433502197,0.23430585861206055,2.8401919999999998e-05,-0.00013981467054691166,460,0.0012848028,-0.025437144562602043,0.02754974365234375,0.034226274059619755,0.12463360000000001,0.2
,-219.4954071044922,0.0,3800000,165.2,,,,1.2278708636760711,,,,,,,,,,,,,,,,,
,,,3801088,,,0.01,116,1.1937979578971862,8378,-252.2621307373047,,259.58,453,,,,,,,,,,,,
,-212.95877075195312,0.0,3820000,140.3,,,,,,,,,,0.740818202495575,-4.256815433502197,0.17853838205337524,2.7779327999999997e-05,-0.0001426160742994398,464,0.0011809393,-0.025717493146657944,0.027587890625,0.038202288560569286,0.12397824,0.2
,,,3833856,,,0.03,117,1.0823454558849335,8432,-246.12025451660156,,263.57,454,,,,,,,,,,,,
,-225.16812133789062,0.0,3840000,156.5,,,,,,,,,,0.740818202495575,-4.256815433502197,0.17848211526870728,2.7156735999999995e-05,-0.00013658504030900076,468,0.0010911307,-0.026935912668704987,0.02129364013671875,0.03989365336019546,0.12332288000000001,0.2
,-251.212890625,0.0,3860000,253.1,,,,1.1479669153690337,,,,,,,,,,,,,,,,,
,,,3866624,,,0.01,118,1.125944149494171,8517,-248.9765167236328,,257.64,453,,,,,,,,,,,,
,-228.40805053710938,0.0,3880000,196.7,,,,,,,,,,0.740818202495575,-4.256815433502197,0.19494742155075073,2.6534143999999994e-05,-0.0004844322393182665,472,0.0016007541,-0.023823199793696404,0.0351409912109375,0.040652167226653546,0.12266752,0.2
,,,3899392,,,0.02,119,1.1834560990333558,8573,-249.14337158203125,,266.32,454,,,,,,,,,,,,
,-189.8299560546875,0.2,3900000,167.3,,,,,,,,,,0.740818202495575,-4.256815433502197,0.20874500274658203,2.5911552000000007e-05,-0.0006230859253264498,476,0.0012838552,-0.02734922058880329,0.03583526611328125,0.03839307965245098,0.12201216000000001,0.2
,-235.5654754638672,0.0,3920000,192.9,,,,1.2396824777126312,,,,,,,,,,,,,,,,,
,,,3932160,,,0.04,120,1.2522432804107666,8650,-243.83462524414062,,264.4,454,,,,,,,,,,,,
,-228.44644165039062,0.0,3940000,189.8,,,,,,,,,,0.740818202495575,-4.256815433502197,0.20613449811935425,2.5288960000000005e-05,7.815147910150699e-05,480,0.0013990847,-0.023269105702638626,0.0310821533203125,0.04064808285329491,0.1213568,0.2
,-220.53475952148438,0.0,3960000,164.1,,,,1.3160680532455444,,,,,,,,,,,,,,,,,
,,,3964928,,,0.01,121,1.1751697480678558,8724,-249.91844177246094,,259.74,454,,,,,,,,,,,,
,-223.84402465820312,0.0,3980000,163.2,,,,,,,,,,0.740818202495575,-4.256815433502197,0.22327697277069092,2.4666368000000004e-05,-0.0004197566449875012,484,0.0012774841,-0.022797685116529465,0.02373504638671875,0.0376303952652961,0.12070144000000001,0.2
,,,3997696,,,0.06,122,1.1079323589801788,8778,-236.42510986328125,,236.47,455,,,,,,,,,,,,
,-208.3280792236328,0.0,4000000,125.7,,,,,,,,,,0.740818202495575,-4.256815433502197,0.1792677640914917,2.4043776000000003e-05,-0.0005390850856201723,488,0.0012716618,-0.01627400517463684,0.03531646728515625,0.04862332146149129,0.12004608,0.2
,-224.07498168945312,0.0,4020000,180.8,,,,1.1184023141860961,,,,,,,,,,,,,,,,,
,,,4030464,,,0.0,123,1.1850294053554535,8857,-251.45367431640625,,259.42,455,,,,,,,,,,,,
,-230.6538543701172,0.0,4040000,179.1,,,,,,,,,,0.740818202495575,-4.256815433502197,0.19963407516479492,2.3421184e-05,-0.00029792059649480507,492,0.0009324404,-0.024754755198955536,0.02156829833984375,0.040125654777511954,0.11939072,0.2
,-201.8186492919922,0.0,4060000,101.3,,,,1.2298256635665894,,,,,,,,,,,,,,,,,
,,,4063232,,,0.01,124,1.1326809585094453,8930,-252.11776733398438,,265.03,455,,,,,,,,,,,,
,-201.03945922851562,0.0,4080000,83.5,,,,,,,,,,0.740818202495575,-4.256815433502197,0.1917266845703125,2.2798592e-05,-0.0001292272372666048,496,0.00091865036,-0.024164050817489624,0.01784515380859375,0.03880284551996738,0.11873536000000001,0.2
,,,4096000,,,0.0,125,1.2452456891536712,8976,-254.06863403320312,,268.31,456,,,,,,,,,,,,
,-220.27975463867188,0.0,4100000,163.7,,,,,,,,,,0.740818202495575,-4.256815433502197,0.1623656153678894,2.2176e-05,-0.0003241749946027994,500,0.0014698487,-0.023646514862775803,0.0377960205078125,0.038305515714455396,0.11808,0.2
,-218.0225372314453,0.0,4120000,163.5,,,,1.1892321944236754,,,,,,,,,,,,,,,,,
,,,4128768,,,0.01,126,1.1341127038002015,9051,-252.06192016601562,,251.17,456,,,,,,,,,,,,
,-193.1861114501953,0.2,4140000,156.9,,,,,,,,,,0.740818202495575,-4.256815433502197,0.17268002033233643,2.1553407999999998e-05,-0.00019103417616861407,504,0.0011534642,-0.024524493142962456,0.0266876220703125,0.041462872992269695,0.11742464000000001,0.2
,-190.31004333496094,0.1,4160000,106.5,,,,1.2477740705013276,,,,,,,,,,,,,,,,,
,,,4161536,,,0.02,127,1.2405004799365997,9121,-245.55352783203125,,249.65,456,,,,,,,,,,,,
,-213.8580322265625,0.0,4180000,125.4,,,,,,,,,,0.740818202495575,-4.256815433502197,0.20246398448944092,2.0930815999999997e-05,-0.00010723025479819626,508,0.0012224129,-0.024439068511128426,0.0294952392578125,0.04222518252208829,0.11676928,0.2
,,,4194304,,,0.0,128,1.0969509482383728,9173,-250.62164306640625,,249.57,457,,,,,,,,,,,,
,-231.27401733398438,0.0,4200000,186.7,,,,,,,,,,0.740818202495575,-4.256815433502197,0.21130681037902832,2.030822400000001e-05,-0.0002380771838943474,512,0.0012289766,-0.01858966238796711,0.03350067138671875,0.04146077949553728,0.11611392000000001,0.2
,-209.35519409179688,0.0,4220000,135.1,,,,1.1419442772865296,,,,,,,,,,,,,,,,,
,,,4227072,,,0.02,129,1.2230302095413208,9251,-246.37696838378906,,253.7,456,,,,,,,,,,,,
,-207.13656616210938,0.0,4240000,108.7,,,,,,,,,,0.740818202495575,-4.256815433502197,0.24118733406066895,1.9685631999999994e-05,-9.256969860871322e-05,516,0.00093738455,-0.021084964275360107,0.02378082275390625,0.037451507698278874,0.11545856,0.2
,,,4259840,,,0.0,130,1.1799479722976685,9304,-247.24485778808594,,231.48,457,,,,,,,,,,,,
,-237.7788543701172,0.0,4260000,211.8,,,,,,,,,,0.740818202495575,-4.256815433502197,0.15728896856307983,1.9063040000000006e-05,-0.00032072803151095286,520,0.001424661,-0.020849082618951797,0.03853607177734375,0.04773388197645545,0.11480320000000001,0.2
,-216.9078369140625,0.0,4280000,134.0,,,,1.0971693634986877,,,,,,,,,,,,,,,,,
,,,4292608,,,0.01,131,1.061020851135254,9387,-239.36907958984375,,230.93,457,,,,,,,,,,,,
,-211.380615234375,0.0,4300000,110.0,,,,,,,,,,0.740818202495575,-4.256815433502197,0.19158726930618286,1.8440448000000005e-05,0.00011831796655314974,524,0.0010508836,-0.019985096529126167,0.02407073974609375,0.048395558376796544,0.11414784,0.2
,-210.67166137695312,0.0,4320000,133.2,,,,1.1272426426410675,,,,,,,,,,,,,,,,,
,,,4325376,,,0.0,132,1.1945777773857116,9457,-243.47879028320312,,231.87,457,,,,,,,,,,,,
,-234.5624542236328,0.0,4340000,210.3,,,,,,,,,,0.740818202495575,-4.256815433502197,0.19477343559265137,1.781785599999999e-05,-0.00027927349583478644,528,0.0012528328,-0.021304678171873093,0.0364990234375,0.04131600703112781,0.11349248,0.2
,,,4358144,,,0.01,133,1.1421440184116363,9515,-233.4237060546875,,214.12,458,,,,,,,,,,,,
,-218.5565948486328,0.0,4360000,126.7,,,,,,,,,,0.740818202495575,-4.256815433502197,0.1813778281211853,1.7195264000000003e-05,-0.0004952196686645038,532,0.0013913902,-0.02022024430334568,0.0379638671875,0.04798888543155044,0.11283712000000001,0.2
,-223.4771270751953,0.0,4380000,175.6,,,,1.1348743736743927,,,,,,,,,,,,,,,,,
,,,4390912,,,0.0,134,1.121344918012619,9593,-248.9672393798828,,244.3,457,,,,,,,,,,,,
,-229.63671875,0.0,4400000,184.2,,,,,,,,,,0.740818202495575,-4.256815433502197,0.2170577049255371,1.6572672e-05,-0.000276212565950118,536,0.0008250541,-0.020609021186828613,0.0238189697265625,0.04082768131047487,0.11218176,0.2
,-197.4805145263672,0.0,4420000,84.3,,,,1.143272376060486,,,,,,,,,,,,,,,,,
,,,4423680,,,0.0,135,1.1288440585136414,9668,-246.51840209960938,,232.24,457,,,,,,,,,,,,
,-220.35159301757812,0.0,4440000,148.5,,,,,,,,,,0.740818202495575,-4.256815433502197,0.20814025402069092,1.595008e-05,-0.0008988913541543297,540,0.0014456254,-0.024972468614578247,0.0381011962890625,0.04315956367645413,0.11152640000000001,0.2
,,,4456448,,,0.0,136,1.1078946769237519,9723,-253.5901336669922,,261.77,458,,,,,,,,,,,,
,-209.1432647705078,0.1,4460000,187.1,,,,,,,,,,0.740818202495575,-4.256815433502197,0.20610207319259644,1.5327488e-05,0.0001573407971591223,544,0.0009856739,-0.019537746906280518,0.0262451171875,0.03830608329735696,0.11087104,0.2
,-220.9280242919922,0.0,4480000,160.2,,,,1.172092890739441,,,,,,,,,,,,,,,,,
,,,4489216,,,0.01,137,1.1212049663066863,9801,-245.6464385986328,,234.98,458,,,,,,,,,,,,
,-194.38099670410156,0.0,4500000,83.7,,,,,,,,,,0.740818202495575,-4.256815433502197,0.15058279037475586,1.4704896000000011e-05,-0.0007219927574624307,548,0.0013665238,-0.02003176510334015,0.03318023681640625,0.04683044389821589,0.11021568000000001,0.2
,-241.58578491210938,0.0,4520000,209.0,,,,1.2751560270786286,,,,,,,,,,,,,,,,,
,,,4521984,,,0.02,138,1.1073163270950317,9872,-245.6049346923828,,251.43,458,,,,,,,,,,,,
,-214.7771759033203,0.1,4540000,181.6,,,,,,,,,,0.740818202495575,-4.256815433502197,0.20357859134674072,1.4082303999999997e-05,0.00023921655520098284,552,0.0006932793,-0.021447546780109406,0.01535797119140625,0.04302495811134577,0.10956032,0.2
,,,4554752,,,0.01,139,1.2153342604637145,9928,-248.43771362304688,,238.56,458,,,,,,,,,,,,
,-229.85671997070312,0.0,4560000,236.3,,,,,,,,,,0.740818202495575,-4.256815433502197,0.17899948358535767,1.3459711999999995e-05,-0.0005563124032050837,556,0.0010226116,-0.01885787956416607,0.024871826171875,0.04323624377138913,0.10890496,0.2
,-229.72647094726562,0.0,4580000,157.4,,,,1.1151991426944732,,,,,,,,,,,,,,,,,
,,,4587520,,,0.01,140,1.04703129529953,10011,-253.98387145996094,,245.42,458,,,,,,,,,,,,
,-230.1697998046875,0.0,4600000,182.7,,,,,,,,,,0.740818202495575,-4.256815433502197,0.16668087244033813,1.2837120000000008e-05,-0.0004648609283322003,560,0.001006346,-0.019347410649061203,0.02814483642578125,0.04556477500591427,0.1082496,0.2
,-233.75753784179688,0.0,4620000,172.9,,,,1.2140313625335692,,,,,,,,,,,,,,,,,
,,,4620288,,,0.0,141,1.1044510841369628,10090,-252.52561950683594,,245.45,457,,,,,,,,,,,,
,-235.52908325195312,0.0,4640000,182.1,,,,,,,,,,0.740818202495575,-4.256815433502197,0.08841294050216675,1.2214527999999993e-05,-0.00047979217197280377,564,0.00080333755,-0.021191200241446495,0.02555084228515625,0.03999584715347737,0.10759424000000001,0.2
,,,4653056,,,0.02,142,1.233381974697113,10144,-243.2782745361328,,236.52,458,,,,,,,,,,,,
,-250.7027130126953,0.0,4660000,230.8,,,,,,,,,,0.740818202495575,-4.256815433502197,0.1378464698791504,1.1591936000000005e-05,3.848001142614521e-05,568,0.00085121783,-0.019502541050314903,0.02378082275390625,0.043316991766914725,0.10693888000000001,0.2
,-207.05715942382812,0.0,4680000,130.1,,,,1.2157470822334289,,,,,,,,,,,,,,,,,
,,,4685824,,,0.0,143,1.2245797395706177,10219,-254.2689208984375,,240.21,458,,,,,,,,,,,,
,-228.05325317382812,0.0,4700000,181.4,,,,,,,,,,0.740818202495575,-4.256815433502197,0.14714956283569336,1.0969344000000004e-05,-0.00032043397368397564,572,0.0010883044,-0.020492061972618103,0.03162384033203125,0.04203574830899015,0.10628352,0.2
,,,4718592,,,0.01,144,1.2335980117321015,10273,-249.96510314941406,,234.58,459,,,,,,,,,,,,
,-251.89181518554688,0.0,4720000,207.3,,,,,,,,,,0.740818202495575,-4.256815433502197,0.15719228982925415,1.0346752000000003e-05,-0.00019649072783067822,576,0.0007513416,-0.021548926830291748,0.02194976806640625,0.0443227473879233,0.10562816000000001,0.2
,-223.0758056640625,0.0,4740000,156.8,,,,1.120582067966461,,,,,,,,,,,,,,,,,
,,,4751360,,,0.01,145,1.2134408473968505,10350,-249.12118530273438,,238.08,459,,,,,,,,,,,,
,-192.32785034179688,0.0,4760000,55.6,,,,,,,,,,0.740818202495575,-4.256815433502197,0.17284023761749268,9.724160000000001e-06,-0.000170766725204885,580,0.0007560454,-0.025233272463083267,0.02384185791015625,0.043655924033373594,0.1049728,0.2
,-228.83633422851562,0.0,4780000,173.3,,,,1.2022562265396117,,,,,,,,,,,,,,,,,
,,,4784128,,,0.01,146,1.1488070785999298,10421,-248.4461669921875,,238.66,459,,,,,,,,,,,,
,-223.3843994140625,0.0,4800000,137.5,,,,,,,,,,0.740818202495575,-4.256815433502197,0.15308761596679688,9.101568e-06,5.432599573396146e-05,584,0.00063400884,-0.015895459800958633,0.02117919921875,0.04826473677530885,0.10431744,0.2
,,,4816896,,,0.01,147,1.131252521276474,10474,-255.45352172851562,,254.83,459,,,,,,,,,,,,
,-217.0109100341797,0.0,4820000,130.1,,,,,,,,,,0.740818202495575,-4.256815433502197,0.2164069414138794,8.478975999999999e-06,0.00029161686779843876,588,0.000639025,-0.022051330655813217,0.0211639404296875,0.03977088141255081,0.10366208,0.2
,-241.3107452392578,0.0,4840000,206.6,,,,1.2660987734794618,,,,,,,,,,,,,,,,,
,,,4849664,,,0.03,148,1.175474900007248,10545,-239.30642700195312,,232.7,459,,,,,,,,,,,,
,-239.34176635742188,0.0,4860000,171.4,,,,,,,,,,0.740818202495575,-4.256815433502197,0.22202831506729126,7.856383999999998e-06,-0.00010468291293364018,592,0.0010598882,-0.022890429943799973,0.02974700927734375,0.0437823620159179,0.10300672,0.2
,-222.09243774414062,0.0,4880000,155.6,,,,1.145815634727478,,,,,,,,,,,,,,,,,
,,,4882432,,,0.01,149,1.0651260673999787,10623,-249.35328674316406,,230.83,459,,,,,,,,,,,,
,-200.48866271972656,0.0,4900000,103.8,,,,,,,,,,0.740818202495575,-4.256815433502197,0.21645867824554443,7.2337919999999965e-06,0.00011299778998363763,596,0.0008403228,-0.01549745723605156,0.0280914306640625,0.043789795017801225,0.10235136,0.2
,,,4915200,,,0.0,150,1.1993143260478973,10673,-252.0498504638672,,239.34,460,,,,,,,,,,,,
,-232.1659698486328,0.0,4920000,158.0,,,,,,,,,,0.740818202495575,-4.256815433502197,0.20117133855819702,6.611199999999995e-06,-0.00016191115719266236,600,0.00085513724,-0.02257615327835083,0.02619171142578125,0.04429792461451143,0.10169600000000001,0.2
,-231.5937957763672,0.0,4940000,203.8,,,,1.1841387391090392,,,,,,,,,,,,,,,,,
,,,4947968,,,0.01,151,1.2143728256225585,10754,-247.43585205078125,,231.59,460,,,,,,,,,,,,
,-242.5386505126953,0.0,4960000,204.7,,,,,,,,,,0.740818202495575,-4.256815433502197,0.1521129608154297,5.9886080000000076e-06,-0.00028274167925701477,604,0.00091677776,-0.016109434887766838,0.029815673828125,0.0498159306589514,0.10104064000000001,0.2
,-203.66445922851562,0.0,4980000,108.7,,,,1.210682475566864,,,,,,,,,,,,,,,,,
,,,4980736,,,0.03,152,1.0832441866397857,10829,-237.68048095703125,,219.75,459,,,,,,,,,,,,
,-235.19580078125,0.0,5000000,198.0,,,,,,,,,,0.740818202495575,-4.256815433502197,0.18527287244796753,5.366015999999993e-06,-0.0001955955995072145,608,0.00074558967,-0.02477867156267166,0.027130126953125,0.04695404868107289,0.10038528000000001,0.2
,,,5013504,,,0.0,153,1.1598573982715608,10886,-251.0887908935547,,235.12,460,,,,,,,,,,,,
