time,npos,epos,h,alpha,beta,phi,theta,psi,p,q,r,TAS,ail,ele,rud,thrust,ail_cmd,ele_cmd,rud_cmd,thrust_cmd,vn,ve,vh,mu,chi,nx,ny,nz,nx_ref,ny_ref,nz_ref,Fx,Fy,Fz,Mx,My,Mz,lon,lat,lef,lef_cmd,Cz,delta_Cz_lef,Czq,delta_Czq_lef,Cm,delta_Cm_lef,Cmq,delta_Cmq_lef,delta_Cm,delta_Cm_ds,d0,d1,d2,d3,d4,d5,d6,d7,d8,d9
0.000000,0.000000,0.000000,5000.000000,2.613221,0.000000,0.000000,2.613221,0.000000,0.000000,0.000000,0.000000,200.000000,0.022496,4.054434,0.000000,41923.856716,0.022496,4.054434,0.000000,41923.856716,200.000000,0.000000,0.000000,0.000000,0.000000,0.358586,0.000080,-1.208094,0.312993,0.000080,-0.209134,-9225.001908,7.291096,-110163.994387,-174.097739,-71536.324969,-30.562655,122.425000,31.425000,0.000000,0.000000,-0.247033,-0.067683,-30.022644,-0.393024,-0.097639,0.035138,-5.464321,0.260453,0.019000,0.000000,1.00,1.00,1.00,1.00,1.00,1.00,1.00,1.00,1.00,1.00
0.100000,20.000000,0.000000,5000.000000,2.550497,0.000022,0.000000,2.613221,0.000000,-0.077814,-5.416327,-0.003258,200.297373,-0.033973,3.874012,-0.002955,46381.203799,-0.033973,3.874012,-0.002955,46381.203799,200.297253,0.000079,0.219272,0.062723,0.000022,0.404371,-0.000156,-1.093515,0.358777,-0.000156,-0.094555,-9507.340325,-14.197288,-99715.741393,301.310663,-62591.599998,40.345289,122.425000,31.425180,0.000000,0.000000,-0.240652,-0.067859,-30.010099,-0.369189,-0.095801,0.035089,-5.464697,0.260202,0.019000,0.000000,1.00,1.00,1.00,1.00,1.00,1.00,1.00,1.00,1.00,1.00
0.200000,40.029725,0.000008,5000.021927,1.977877,-0.000042,-0.007793,2.071592,-0.000289,0.056768,-10.155409,0.000998,200.644857,0.000551,2.627046,0.000940,49520.964346,0.000551,2.627046,0.000940,49520.964346,200.649072,-0.000218,0.328190,0.093717,-0.000062,0.434556,0.000011,-0.815193,0.398408,-0.000125,0.184153,-9894.564470,0.993271,-74336.060024,-33.946274,-39374.719311,-42.700729,122.425000,31.425361,0.000000,0.000000,-0.187201,-0.069462,-29.895575,-0.151593,-0.083428,0.034643,-5.468133,0.257912,0.019000,0.000000,1.00,1.00,1.00,1.00,1.00,1.00,1.00,1.00,1.00,1.00
0.300000,60.094632,-0.000014,5000.054746,1.010046,0.000019,-0.002111,1.056073,-0.000102,0.041327,-13.136641,-0.001363,201.041697,-0.017635,1.122985,-0.001246,51496.729618,-0.017635,1.122985,-0.001246,51496.729618,201.060118,-0.000158,0.161514,0.046031,-0.000045,0.447264,-0.000090,-0.459440,0.428834,-0.000127,0.540390,-10711.457033,-8.198946,-41895.519829,111.194937,-14799.208717,-14.139803,122.425000,31.425541,0.000000,0.000000,-0.104853,-0.072172,-29.702009,0.216182,-0.069362,0.033888,-5.473940,0.254040,0.019000,0.000000,1.00,1.00,1.00,1.00,1.00,1.00,1.00,1.00,1.00,1.00
0.400000,80.200644,-0.000030,5000.070898,-0.154647,0.000193,0.002021,-0.257558,-0.000237,0.090743,-14.257154,-0.000846,201.471662,-0.006173,-0.322598,-0.000954,52718.461957,-0.006173,-0.322598,-0.000954,52718.461957,201.508932,-0.000136,-0.361938,-0.102930,-0.000039,0.446227,-0.000075,-0.091064,0.450722,-0.000040,0.908926,-12027.798146,-6.852151,-8303.997093,-6.254303,5991.426423,-30.146584,122.425000,31.425722,0.000000,0.000000,-0.012499,-0.073886,-29.500000,0.695881,-0.056956,0.033180,-5.416286,0.331344,0.019000,0.000000,1.00,1.00,1.00,1.00,1.00,1.00,1.00,1.00,1.00,1.00
0.500000,100.351537,-0.000043,5000.034704,-1.326397,0.000241,0.011099,-1.683253,-0.000485,0.087667,-13.803517,-0.001256,201.911412,-0.012694,-1.549708,-0.001371,53467.078918,-0.012694,-1.549708,-0.001371,53467.078918,201.961361,0.000048,-1.257894,-0.356951,0.000014,0.446683,-0.000105,0.258765,0.476057,0.000089,1.258333,-12734.807882,-9.549380,23596.308281,48.355994,19328.201180,-14.923106,122.425000,31.425904,0.000000,0.000000,0.070737,-0.065450,-29.500000,1.422366,-0.048597,0.033790,-4.933525,0.947685,0.019000,0.000000,1.00,1.00,1.00,1.00,1.00,1.00,1.00,1.00,1.00,1.00
0.600000,120.547673,-0.000039,4999.908914,-2.353412,0.000188,0.019887,-3.063611,-0.000984,0.109036,-12.340095,-0.000373,202.349727,-0.007450,-2.584476,-0.000524,53922.964383,-0.007450,-2.584476,-0.000524,53922.964383,202.395932,0.000074,-2.508892,-0.710417,0.000021,0.445654,-0.000074,0.544764,0.499098,0.000273,1.543335,-13284.569436,-6.703182,49676.127950,0.321782,28644.392209,-21.388753,122.425000,31.426086,0.000000,0.000000,0.142422,-0.058055,-29.500000,2.059115,-0.042634,0.034324,-4.510394,1.487895,0.019000,0.000000,1.00,1.00,1.00,1.00,1.00,1.00,1.00,1.00,1.00,1.00
0.700000,140.787267,-0.000031,4999.658025,-3.153309,-0.000147,0.030829,-4.297648,-0.001568,0.108961,-10.171304,-0.000083,202.776763,-0.009233,-3.313602,0.000073,54199.573183,-0.009233,-3.313602,0.000073,54199.573183,202.796957,-0.000068,-4.050899,-1.144682,-0.000019,0.444620,-0.000047,0.747455,0.519558,0.000490,1.744643,-13655.417095,-4.262355,68159.107567,18.820171,33955.830176,-17.039362,122.425000,31.426268,0.000000,0.000000,0.197078,-0.052296,-29.500000,2.555052,-0.039291,0.034740,-4.180837,1.908641,0.019000,0.000000,1.00,1.00,1.00,1.00,1.00,1.00,1.00,1.00,1.00,1.00
0.800000,161.066962,-0.000038,4999.252935,-3.679574,-0.000602,0.041781,-5.314812,-0.002224,0.117177,-7.600360,0.000324,203.191538,-0.006778,-3.711489,0.000893,54366.626001,-0.006778,-3.711489,0.000893,54366.626001,203.161240,-0.000508,-5.799859,-1.635661,-0.000143,0.444151,0.000005,0.859666,0.536779,0.000731,1.855367,-13865.306581,0.469723,78391.471313,-0.797712,35893.740542,-20.614095,122.425000,31.426451,0.000000,0.000000,0.232175,-0.048506,-29.500000,2.881336,-0.038072,0.035014,-3.964016,2.185456,0.019000,0.000000,1.00,1.00,1.00,1.00,1.00,1.00,1.00,1.00,1.00,1.00
0.900000,181.383086,-0.000089,4998.672950,-3.917833,-0.001183,0.053559,-6.074876,-0.002827,0.116639,-4.882689,0.000076,203.600231,-0.007222,-3.782530,0.001251,54466.724652,-0.007222,-3.782530,0.001251,54466.724652,203.496437,-0.001236,-7.664758,-2.157473,-0.000348,0.444575,0.000051,0.882334,0.550403,0.000980,1.876718,-13926.696749,4.627103,80458.465274,5.716358,34834.181858,-18.252393,122.425000,31.426634,0.000000,0.000000,0.247209,-0.046790,-29.500000,3.029056,-0.038521,0.035139,-3.865853,2.310780,0.019000,0.000000,1.00,1.00,1.00,1.00,1.00,1.00,1.00,1.00,1.00,1.00
1.000000,201.732730,-0.000212,4997.906474,-3.878777,-0.001714,0.065278,-6.563162,-0.003328,0.119033,-2.245242,-0.000379,204.013130,-0.006210,-3.553855,0.001373,54525.757956,-0.006210,-3.553855,0.001373,54525.757956,203.817285,-0.002218,-9.556110,-2.684754,-0.000624,0.446105,0.000094,0.822560,0.560403,0.001226,1.816005,-13846.237935,8.595629,75007.783409,-2.082378,30937.385567,-16.715035,122.425000,31.426817,0.000000,0.000000,0.243150,-0.047070,-29.500000,3.004842,-0.040328,0.035119,-3.881944,2.290237,0.019000,0.000000,1.00,1.00,1.00,1.00,1.00,1.00,1.00,1.00,1.00,1.00
1.100000,222.114459,-0.000434,4996.950863,-3.593642,-0.002140,0.077219,-6.787691,-0.003648,0.117975,0.097162,-0.001173,204.441121,-0.006450,-3.075042,0.001084,54559.554823,-0.006450,-3.075042,0.001084,54559.554823,204.141160,-0.003361,-11.391998,-3.194326,-0.000943,0.448817,0.000121,0.692801,0.567007,0.001459,1.685791,-13632.749351,10.996096,63175.350241,0.667853,24360.793349,-10.756853,122.425000,31.427001,0.000000,0.000000,0.222189,-0.049123,-29.500000,2.828058,-0.043280,0.034971,-3.999420,2.140256,0.019000,0.000000,1.00,1.00,1.00,1.00,1.00,1.00,1.00,1.00,1.00,1.00
1.200000,242.528575,-0.000770,4995.811663,-3.111566,-0.002357,0.089029,-6.777975,-0.003752,0.118199,1.941623,-0.001905,204.892609,-0.006164,-2.417385,0.000642,54577.797736,-0.006164,-2.417385,0.000642,54577.797736,204.483848,-0.004534,-13.102998,-3.666600,-0.001271,0.452591,0.000131,0.510532,0.570613,0.001674,1.503541,-13306.849008,11.961504,46554.493803,-2.439262,15507.280652,-4.165911,122.425000,31.427185,0.000000,0.000000,0.187666,-0.052593,-29.500000,2.529171,-0.047166,0.034720,-4.198035,1.886684,0.019000,0.000000,1.00,1.00,1.00,1.00,1.00,1.00,1.00,1.00,1.00,1.00
1.300000,262.976959,-0.001224,4994.501363,-2.497041,-0.002343,0.100834,-6.583811,-0.003619,0.117099,3.115746,-0.002495,205.371496,-0.006443,-1.669698,0.000098,54586.598920,-0.006443,-1.669698,0.000098,54586.598920,204.856251,-0.005593,-14.636731,-4.086908,-0.001564,0.457058,0.000121,0.297697,0.571715,0.001870,1.291101,-12908.257636,11.076102,27146.511303,-1.282684,5216.075173,4.045377,122.425000,31.427369,0.000000,0.000000,0.144006,-0.057018,-29.500000,2.148166,-0.051663,0.034400,-4.451219,1.563444,0.019000,0.000000,1.00,1.00,1.00,1.00,1.00,1.00,1.00,1.00,1.00,1.00
1.400000,283.462584,-0.001783,4993.037690,-1.825620,-0.002087,0.112506,-6.272235,-0.003287,0.116583,3.510677,-0.002699,205.876636,-0.006559,-0.929241,-0.000342,54589.803712,-0.006559,-0.929241,-0.000342,54589.803712,205.262652,-0.006393,-15.962096,-4.446738,-0.001785,0.461609,0.000095,0.079316,0.570861,0.002047,1.073328,-12496.492505,8.692455,7232.648651,-2.623109,-5209.325298,11.236807,122.425000,31.427553,0.000000,0.000000,0.096508,-0.061852,-29.500000,1.731884,-0.056285,0.034051,-4.727845,1.210276,0.019000,0.000000,1.00,1.00,1.00,1.00,1.00,1.00,1.00,1.00,1.00,1.00
1.500000,303.988850,-0.002422,4991.441480,-1.176695,-0.001624,0.124116,-5.921166,-0.002829,0.115524,3.116255,-0.002487,206.402825,-0.006983,-0.288300,-0.000614,54589.945717,-0.006983,-0.288300,-0.000614,54589.945717,205.700946,-0.006825,-17.072444,-4.744595,-0.001901,0.465499,0.000055,-0.119169,0.568659,0.002209,0.875493,-12141.921519,4.981732,-10866.820544,-1.924000,-14208.776305,17.259146,122.425000,31.427738,0.000000,0.000000,0.050854,-0.066525,-29.500000,1.329551,-0.060414,0.033713,-4.995202,0.868941,0.019000,0.000000,1.00,1.00,1.00,1.00,1.00,1.00,1.00,1.00,1.00,1.00
1.600000,324.558944,-0.003105,4989.734236,-0.623519,-0.001007,0.135623,-5.609540,-0.002369,0.114814,2.040446,-0.001803,206.942926,-0.007363,0.180579,-0.000616,54588.731726,-0.007363,0.180579,-0.000616,54588.731726,206.164592,-0.006830,-17.986378,-4.986135,-0.001898,0.465157,0.000006,-0.275669,0.562905,0.002361,0.719540,-12171.904220,0.509065,-25137.736383,-2.147428,-20435.985111,20.824382,122.425000,31.427924,0.000000,0.000000,0.012315,-0.070509,-29.500000,0.986582,-0.063478,0.033425,-5.223110,0.577971,0.019000,0.000000,1.00,1.00,1.00,1.00,1.00,1.00,1.00,1.00,1.00,1.00
1.700000,345.175403,-0.003788,4987.935598,-0.222384,-0.000307,0.147073,-5.405495,-0.002045,0.114018,0.493148,-0.000721,207.487424,-0.007863,0.435511,-0.000341,54587.219986,-0.007863,0.435511,-0.000341,54587.219986,206.642537,-0.006420,-18.744530,-5.183199,-0.001780,0.461775,-0.000047,-0.374580,0.555979,0.002509,0.620969,-12478.748497,-4.264379,-34157.346103,-1.213879,-22853.636229,22.090724,122.425000,31.428109,0.000000,0.000000,-0.014986,-0.073398,-29.500000,0.737878,-0.064882,0.033216,-5.388378,0.366974,0.019000,0.000000,1.00,1.00,1.00,1.00,1.00,1.00,1.00,1.00,1.00,1.00
1.800000,365.839657,-0.004430,4986.061145,-0.004264,0.000401,0.158469,-5.356180,-0.001985,0.113633,-1.237201,0.000681,208.030472,-0.008245,0.472930,0.000212,54586.033134,-0.008245,0.472930,0.000212,54586.033134,207.125736,-0.005677,-19.403786,-5.351973,-0.001570,0.460083,-0.000096,-0.410428,0.553430,0.002658,0.585202,-12631.848700,-8.746963,-37426.245549,-0.621780,-21593.146765,21.250281,122.425000,31.428296,0.000000,0.000000,-0.028943,-0.074969,-29.500000,0.602644,-0.064599,0.033102,-5.478243,0.252243,0.019000,0.000000,1.00,1.00,1.00,1.00,1.00,1.00,1.00,1.00,1.00,1.00
1.900000,386.552231,-0.004997,4984.120767,0.030143,0.001049,0.169860,-5.479900,-0.002273,0.113498,-2.872113,0.002282,208.573345,-0.008520,0.321329,0.001005,54585.381115,-0.008520,0.321329,0.001005,54585.381115,207.611146,-0.004741,-20.027421,-5.510088,-0.001308,0.460725,-0.000136,-0.387434,0.556221,0.002815,0.607992,-12572.676255,-12.442780,-35329.403597,0.338960,-17550.555126,18.670012,122.425000,31.428482,0.000000,0.000000,-0.029930,-0.074915,-29.506029,0.588546,-0.062994,0.033124,-5.479819,0.250121,0.019000,0.000000,1.00,1.00,1.00,1.00,1.00,1.00,1.00,1.00,1.00,1.00
2.000000,407.313345,-0.005472,4982.118025,-0.093301,0.001583,0.181274,-5.767111,-0.002928,0.113771,-4.200942,0.003954,209.119313,-0.008559,0.028162,0.001976,54585.193868,-0.008559,0.028162,0.001976,54585.193868,208.097043,-0.003780,-20.674800,-5.673876,-0.001041,0.461341,-0.000166,-0.319265,0.561827,0.002982,0.675668,-12516.263756,-15.123093,-29113.230641,0.282390,-11772.748616,14.628248,122.425000,31.428669,0.000000,0.000000,-0.019431,-0.074327,-29.500000,0.657847,-0.060358,0.033149,-5.441560,0.299076,0.019000,0.000000,1.00,1.00,1.00,1.00,1.00,1.00,1.00,1.00,1.00,1.00
2.100000,428.123050,-0.005850,4980.050545,-0.331541,0.001966,0.192753,-6.187203,-0.003909,0.113998,-5.092307,0.005550,209.669386,-0.008519,-0.340456,0.003029,54585.304128,-0.008519,-0.340456,0.003029,54585.304128,208.579491,-0.002953,-21.391507,-5.855788,-0.000811,0.457931,-0.000181,-0.221379,0.565709,0.003163,0.772790,-12827.342776,-16.547919,-20187.176705,1.063708,-5407.061407,9.735158,122.425000,31.428857,0.000000,0.000000,-0.001330,-0.072611,-29.500000,0.805555,-0.057316,0.033273,-5.343405,0.424390,0.019000,0.000000,1.00,1.00,1.00,1.00,1.00,1.00,1.00,1.00,1.00,1.00
2.200000,448.980999,-0.006145,4977.911394,-0.632727,0.002188,0.204289,-6.696431,-0.005126,0.114550,-5.501699,0.006955,210.219952,-0.008217,-0.728796,0.004072,54585.557509,-0.008217,-0.728796,0.004072,54585.557509,209.050405,-0.002397,-22.207156,-6.063909,-0.000657,0.454129,-0.000184,-0.112173,0.570738,0.003358,0.880999,-13174.317729,-16.733775,-10228.856977,0.491296,557.995425,4.309787,122.425000,31.429045,0.000000,0.000000,0.020781,-0.070442,-29.500000,0.992290,-0.054348,0.033430,-5.219317,0.582814,0.019000,0.000000,1.00,1.00,1.00,1.00,1.00,1.00,1.00,1.00,1.00,1.00
2.300000,469.886039,-0.006385,4975.690678,-0.945662,0.002258,0.215906,-7.246599,-0.006458,0.114820,-5.459450,0.008056,210.770272,-0.007901,-1.083115,0.004993,54585.768049,-0.007901,-1.083115,0.004993,54585.768049,209.505851,-0.002197,-23.133185,-6.301218,-0.000601,0.450767,-0.000175,-0.008105,0.576907,0.003563,0.983900,-13481.088776,-15.966532,-739.118323,0.493200,5426.058707,-0.632887,122.425000,31.429233,0.000000,0.000000,0.043236,-0.068189,-29.500000,1.186311,-0.051854,0.033593,-5.090387,0.747418,0.019000,0.000000,1.00,1.00,1.00,1.00,1.00,1.00,1.00,1.00,1.00,1.00
2.400000,490.836624,-0.006604,4973.377360,-1.226712,0.002207,0.227561,-7.792544,-0.007776,0.115064,-5.048618,0.008822,211.320215,-0.007491,-1.364161,0.005733,54585.724946,-0.007491,-1.364161,0.005733,54585.724946,209.944253,-0.002383,-24.164581,-6.566167,-0.000650,0.448062,-0.000159,0.077950,0.583649,0.003776,1.068707,-13727.699698,-14.524230,7108.081415,-0.254504,8830.203448,-4.805932,122.425000,31.429422,0.000000,0.000000,0.063016,-0.066166,-29.500000,1.360561,-0.050056,0.033739,-4.974595,0.895250,0.019000,0.000000,1.00,1.00,1.00,1.00,1.00,1.00,1.00,1.00,1.00,1.00
2.500000,511.831050,-0.006843,4970.960902,-1.444047,0.002077,0.239233,-8.297407,-0.008962,0.114949,-4.380044,0.009244,211.870204,-0.007161,-1.547891,0.006242,54585.363147,-0.007161,-1.547891,0.006242,54585.363147,210.366480,-0.002928,-25.283484,-6.853712,-0.000797,0.446115,-0.000141,0.137539,0.590427,0.003991,1.127063,-13904.880850,-12.829351,12541.960294,-0.520732,10642.161158,-7.536078,122.425000,31.429611,0.000000,0.000000,0.077988,-0.064601,-29.500000,1.495309,-0.049035,0.033852,-4.885053,1.009569,0.019000,0.000000,1.00,1.00,1.00,1.00,1.00,1.00,1.00,1.00,1.00,1.00
2.600000,532.867698,-0.007135,4968.432553,-1.579188,0.001917,0.250870,-8.735413,-0.009922,0.114695,-3.574278,0.009381,212.421372,-0.006861,-1.625398,0.006526,54584.603755,-0.006861,-1.625398,0.006526,54584.603755,210.775810,-0.003758,-26.463674,-7.156562,-0.001022,0.444936,-0.000123,0.166756,0.596808,0.004205,1.155147,-14011.657245,-11.216597,15206.234966,-1.106278,10904.737247,-8.762867,122.425000,31.429800,0.000000,0.000000,0.086978,-0.063628,-29.500000,1.579096,-0.048771,0.033922,-4.829375,1.080653,0.019000,0.000000,1.00,1.00,1.00,1.00,1.00,1.00,1.00,1.00,1.00,1.00
2.700000,553.945279,-0.007511,4965.786186,-1.626714,0.001771,0.262444,-9.092843,-0.010593,0.114167,-2.748631,0.009312,212.975394,-0.006685,-1.601660,0.006610,54583.501598,-0.006685,-1.601660,0.006610,54583.501598,211.177317,-0.004765,-27.675122,-7.466423,-0.001293,0.444462,-0.000110,0.165907,0.602497,0.004413,1.153330,-14053.762226,-10.012561,15128.766674,-1.257488,9789.999564,-8.347704,122.425000,31.429990,0.000000,0.000000,0.089717,-0.063286,-29.500000,1.608563,-0.049170,0.033947,-4.809794,1.105652,0.019000,0.000000,1.00,1.00,1.00,1.00,1.00,1.00,1.00,1.00,1.00,1.00
2.800000,575.063011,-0.007988,4963.018674,-1.592797,0.001676,0.273918,-9.367709,-0.010953,0.113568,-2.007386,0.009147,213.534092,-0.006578,-1.493366,0.006556,54582.139666,-0.006578,-1.493366,0.006556,54582.139666,211.576868,-0.005822,-28.888148,-7.775151,-0.001577,0.444568,-0.000103,0.138892,0.607338,0.004614,1.125545,-14042.751969,-9.398051,12665.320598,-1.551302,7579.352176,-6.654508,122.425000,31.430180,0.000000,0.000000,0.086728,-0.063530,-29.500000,1.587534,-0.050090,0.033929,-4.823768,1.087811,0.019000,0.000000,1.00,1.00,1.00,1.00,1.00,1.00,1.00,1.00,1.00,1.00
2.900000,596.220697,-0.008570,4960.129859,-1.492930,0.001656,0.285286,-9.568451,-0.011018,0.112844,-1.433519,0.008982,214.098973,-0.006578,-1.325900,0.006428,54580.661985,-0.006578,-1.325900,0.006428,54580.661985,211.980025,-0.006803,-30.076929,-8.075705,-0.001839,0.445073,-0.000104,0.092384,0.611299,0.004806,1.078460,-13995.229322,-9.481890,8424.354382,-1.514712,4649.431742,-4.005009,122.425000,31.430371,0.000000,0.000000,0.079166,-0.064249,-29.500000,1.525617,-0.051353,0.033877,-4.864913,1.035281,0.019000,0.000000,1.00,1.00,1.00,1.00,1.00,1.00,1.00,1.00,1.00,1.00
3.000000,617.418700,-0.009250,4957.122166,-1.349066,0.001721,0.296541,-9.711806,-0.010846,0.112150,-1.081489,0.008911,214.670892,-0.006628,-1.129543,0.006299,54579.241134,-0.006628,-1.129543,0.006299,54579.241134,212.391120,-0.007596,-31.222176,-8.362879,-0.002049,0.445756,-0.000112,0.034817,0.614449,0.004989,1.020472,-13931.483336,-10.234605,3174.895926,-1.572835,1445.776033,-0.994278,122.425000,31.430562,0.000000,0.000000,0.068623,-0.065285,-29.500000,1.436421,-0.052762,0.033802,-4.924185,0.959609,0.019000,0.000000,1.00,1.00,1.00,1.00,1.00,1.00,1.00,1.00,1.00,1.00
3.100000,638.657812,-0.010010,4953.999948,-1.186308,0.001868,0.307701,-9.819958,-0.010520,0.111449,-0.972022,0.008989,215.249932,-0.006739,-0.935186,0.006222,54578.050269,-0.006739,-0.935186,0.006222,54578.050269,212.812671,-0.008123,-32.312849,-8.633754,-0.002187,0.446383,-0.000127,-0.024780,0.616936,0.005165,0.960555,-13873.151874,-11.566366,-2259.605443,-1.398486,-1566.169378,1.945860,122.425000,31.430753,0.000000,0.000000,0.056903,-0.066457,-29.500000,1.335511,-0.054113,0.033718,-4.991241,0.873998,0.019000,0.000000,1.00,1.00,1.00,1.00,1.00,1.00,1.00,1.00,1.00,1.00
3.200000,659.939079,-0.010822,4950.768663,-1.029402,0.002082,0.318782,-9.917164,-0.010147,0.110846,-1.090602,0.009249,215.835509,-0.006861,-0.770029,0.006242,54577.256894,-0.006861,-0.770029,0.006242,54577.256894,213.245219,-0.008347,-33.346752,-8.887844,-0.002243,0.446737,-0.000146,-0.078007,0.618962,0.005335,0.907035,-13840.050265,-13.301453,-7113.365587,-1.304266,-3969.729000,4.339674,122.425000,31.430945,0.000000,0.000000,0.045768,-0.067586,-29.500000,1.238229,-0.055221,0.033636,-5.055886,0.791465,0.019000,0.000000,1.00,1.00,1.00,1.00,1.00,1.00,1.00,1.00,1.00,1.00
3.300000,681.263601,-0.011657,4947.433988,-0.899396,0.002342,0.329813,-10.026228,-0.009835,0.110302,-1.391166,0.009686,216.426628,-0.006993,-0.653969,0.006376,54576.972096,-0.006993,-0.653969,0.006376,54576.972096,213.687540,-0.008277,-34.329952,-9.126902,-0.002219,0.446659,-0.000167,-0.118235,0.620758,0.005501,0.866477,-13846.892710,-15.252234,-10781.630717,-1.055341,-5468.285575,5.968751,122.425000,31.431137,0.000000,0.000000,0.036704,-0.068522,-29.500000,1.157626,-0.055949,0.033569,-5.109449,0.723082,0.019000,0.000000,1.00,1.00,1.00,1.00,1.00,1.00,1.00,1.00,1.00,1.00
3.400000,702.632355,-0.012485,4944.000993,-0.810981,0.002623,0.340816,-10.165348,-0.009678,0.109884,-1.805193,0.010277,217.022175,-0.007091,-0.597340,0.006626,54577.292090,-0.007091,-0.597340,0.006626,54577.292090,214.137081,-0.007965,-35.275080,-9.354437,-0.002131,0.446071,-0.000189,-0.141436,0.622560,0.005666,0.842849,-13900.891309,-17.210560,-12897.279426,-0.905213,-5935.882380,6.675542,122.425000,31.431329,0.000000,0.000000,0.030724,-0.069159,-29.500000,1.102808,-0.056230,0.033523,-5.145876,0.676576,0.019000,0.000000,1.00,1.00,1.00,1.00,1.00,1.00,1.00,1.00,1.00,1.00
3.500000,724.046063,-0.013281,4940.473485,-0.770947,0.002900,0.351815,-10.345870,-0.009742,0.109542,-2.254623,0.010973,217.621143,-0.007159,-0.600374,0.006976,54578.229044,-0.007159,-0.600374,0.006976,54578.229044,214.590504,-0.007495,-36.198790,-9.575004,-0.002001,0.444983,-0.000208,-0.146570,0.624573,0.005832,0.837153,-14001.010626,-19.009594,-13365.422458,-0.680540,-5429.208773,6.542088,122.425000,31.431522,0.000000,0.000000,0.028261,-0.069447,-29.500000,1.077987,-0.056073,0.033502,-5.162370,0.655518,0.019000,0.000000,1.00,1.00,1.00,1.00,1.00,1.00,1.00,1.00,1.00,1.00
3.600000,745.505113,-0.014031,4936.853606,-0.778038,0.003153,0.362827,-10.571335,-0.010056,0.109306,-2.665690,0.011725,218.222745,-0.007169,-0.654394,0.007399,54579.756170,-0.007169,-0.654394,0.007399,54579.756170,215.044219,-0.006969,-37.118815,-9.793400,-0.001857,0.443486,-0.000225,-0.135432,0.626945,0.006000,0.847575,-14139.050867,-20.513688,-12349.851900,-0.595835,-4157.832490,5.685463,122.425000,31.431716,0.000000,0.000000,0.029166,-0.069395,-29.500000,1.082383,-0.055558,0.033506,-5.159448,0.659248,0.019000,0.000000,1.00,1.00,1.00,1.00,1.00,1.00,1.00,1.00,1.00,1.00
3.700000,767.009535,-0.014727,4933.141725,-0.824125,0.003369,0.373860,-10.837905,-0.010607,0.109108,-2.980496,0.012476,218.826433,-0.007134,-0.744310,0.007859,54581.838911,-0.007134,-0.744310,0.007859,54581.838911,215.494854,-0.006489,-38.051153,-10.013917,-0.001725,0.441721,-0.000238,-0.112044,0.629752,0.006171,0.870098,-14302.073623,-21.659737,-10217.074297,-0.496032,-2425.269166,4.371412,122.425000,31.431909,0.000000,0.000000,0.032800,-0.069063,-29.500000,1.110958,-0.054811,0.033530,-5.140461,0.683490,0.019000,0.000000,1.00,1.00,1.00,1.00,1.00,1.00,1.00,1.00,1.00,1.00
3.800000,788.559021,-0.015376,4929.336609,-0.896378,0.003541,0.384911,-11.135957,-0.011347,0.108951,-3.164122,0.013184,219.431880,-0.007047,-0.851799,0.008325,54584.363665,-0.007047,-0.851799,0.008325,54584.363665,215.939670,-0.006142,-39.007864,-10.239752,-0.001630,0.439849,-0.000246,-0.081734,0.632986,0.006345,0.899415,-14475.334978,-22.433240,-7453.223899,-0.546487,-561.274075,2.825586,122.425000,31.432104,0.000000,0.000000,0.038205,-0.068543,-29.500000,1.155755,-0.053980,0.033567,-5.110692,0.721495,0.019000,0.000000,1.00,1.00,1.00,1.00,1.00,1.00,1.00,1.00,1.00,1.00
3.900000,810.152988,-0.015991,4925.435823,-0.979896,0.003668,0.395974,-11.452370,-0.012201,0.108767,-3.206616,0.013814,220.038963,-0.006937,-0.958507,0.008765,54587.264513,-0.006937,-0.958507,0.008765,54587.264513,216.376871,-0.005985,-39.995762,-10.472684,-0.001585,0.438020,-0.000251,-0.050150,0.636574,0.006522,0.929917,-14644.940013,-22.886704,-4573.071862,-0.580682,1136.360207,1.330478,122.425000,31.432298,0.000000,0.000000,0.044296,-0.067941,-29.500000,1.207535,-0.053200,0.033611,-5.076283,0.765425,0.019000,0.000000,1.00,1.00,1.00,1.00,1.00,1.00,1.00,1.00,1.00,1.00
4.000000,831.790675,-0.016589,4921.436247,-1.060268,0.003756,0.407028,-11.773034,-0.013085,0.108560,-3.120575,0.014347,220.647753,-0.006805,-1.048764,0.009156,54590.512528,-0.006805,-1.048764,0.009156,54590.512528,216.805803,-0.006041,-41.016122,-10.713002,-0.001597,0.436358,-0.000253,-0.022352,0.640394,0.006701,0.956587,-14799.765037,-23.101397,-2038.244961,-0.728582,2440.897245,0.062701,122.425000,31.432493,0.000000,0.000000,0.050045,-0.067363,-29.500000,1.257366,-0.052579,0.033653,-5.043169,0.807701,0.019000,0.000000,1.00,1.00,1.00,1.00,1.00,1.00,1.00,1.00,1.00,1.00
4.100000,853.471255,-0.017193,4917.334634,-1.125667,0.003818,0.418056,-12.085094,-0.013915,0.108280,-2.935762,0.014782,221.258511,-0.006683,-1.111487,0.009487,54594.078447,-0.006683,-1.111487,0.009487,54594.078447,217.226986,-0.006297,-42.065258,-10.959679,-0.001661,0.434941,-0.000254,-0.002150,0.644305,0.006880,0.975661,-14932.545558,-23.192215,-196.093230,-0.815026,3215.753203,-0.803433,122.425000,31.432688,0.000000,0.000000,0.054629,-0.066892,-29.500000,1.297914,-0.052183,0.033687,-5.016225,0.842101,0.019000,0.000000,1.00,1.00,1.00,1.00,1.00,1.00,1.00,1.00,1.00,1.00
4.200000,875.193954,-0.017823,4913.128109,-1.168221,0.003864,0.429034,-12.378674,-0.014623,0.107954,-2.692281,0.015132,221